InvoiceNo,StockCode,Description,Quantity,UnitPrice,InvoiceDate,Country
100000,SYN1009,HAND WARMER RED POLKA DOT,4,1.71,31/03/2011 10:30,United Kingdom
100000,SYN1014,LUNCH BAG BLACK SKULL,2,1.88,31/03/2011 10:30,United Kingdom
100001,SYN1005,RED WOOLLY HOTTIE WHITE HEART,3,3.14,31/05/2011 08:45,United Kingdom
100001,SYN1007,GLASS STAR FROSTED T-LIGHT HOLDER,2,4.41,31/05/2011 08:45,United Kingdom
100001,SYN1019,VICTORIAN GLASS HANGING T-LIGHT,4,1.28,31/05/2011 08:45,United Kingdom
100002,SYN1010,JUMBO BAG RED RETROSPOT,6,2.25,15/03/2011 17:35,United Kingdom
100003,SYN1009,HAND WARMER RED POLKA DOT,6,1.82,04/01/2011 16:30,United Kingdom
100004,SYN1012,JUMBO SHOPPER VINTAGE RED PAISLEY,8,2.02,19/04/2011 15:05,United Kingdom
100005,SYN1003,CREAM CUPID HEARTS COAT HANGER,2,2.59,12/06/2011 08:35,United Kingdom
100005,SYN1004,KNITTED UNION FLAG HOT WATER BOTTLE,3,3.75,12/06/2011 08:35,France
100005,SYN1007,GLASS STAR FROSTED T-LIGHT HOLDER,7,4.87,12/06/2011 08:35,United Kingdom
100006,SYN1001,WHITE HANGING HEART T-LIGHT HOLDER,6,2.9,08/04/2011 10:05,United Kingdom
100006,SYN1003,CREAM CUPID HEARTS COAT HANGER,1,2.79,08/04/2011 10:05,France
100006,SYN1005,RED WOOLLY HOTTIE WHITE HEART,7,3.39,08/04/2011 10:05,United Kingdom
100006,SYN1010,JUMBO BAG RED RETROSPOT,7,1.9,08/04/2011 10:05,United Kingdom
100006,SYN1011,JUMBO BAG STRAWBERRY,3,1.93,08/04/2011 10:05,United Kingdom
100006,SYN1012,JUMBO SHOPPER VINTAGE RED PAISLEY,3,2.15,08/04/2011 10:05,Netherlands
100007,SYN1002,WHITE METAL LANTERN,8,3.46,01/05/2011 09:15,United Kingdom
100007,SYN1008,HAND WARMER UNION JACK,6,2.01,01/05/2011 09:15,United Kingdom
100007,SYN1011,JUMBO BAG STRAWBERRY,1,1.98,01/05/2011 09:15,Netherlands
100008,SYN1003,CREAM CUPID HEARTS COAT HANGER,6,2.91,05/03/2011 16:00,United Kingdom
100008,SYN1006,SET 7 BABUSHKA NESTING BOXES,4,8.43,05/03/2011 16:00,United Kingdom
100008,SYN1009,HAND WARMER RED POLKA DOT,4,1.76,05/03/2011 16:00,United Kingdom
100009,SYN1002,WHITE METAL LANTERN,1,3.46,01/06/2011 08:20,United Kingdom
100009,SYN1004,KNITTED UNION FLAG HOT WATER BOTTLE,2,3.76,01/06/2011 08:20,United Kingdom
100009,SYN1006,SET 7 BABUSHKA NESTING BOXES,4,7.8,01/06/2011 08:20,United Kingdom
100009,SYN1007,GLASS STAR FROSTED T-LIGHT HOLDER,6,3.92,01/06/2011 08:20,Netherlands
100009,SYN1011,JUMBO BAG STRAWBERRY,8,2.08,01/06/2011 08:20,Netherlands
100010,SYN1003,CREAM CUPID HEARTS COAT HANGER,3,2.77,06/06/2011 10:10,France
100010,SYN1004,KNITTED UNION FLAG HOT WATER BOTTLE,4,3.07,06/06/2011 10:10,United Kingdom
100010,SYN1006,SET 7 BABUSHKA NESTING BOXES,6,7.38,06/06/2011 10:10,United Kingdom
100010,SYN1008,HAND WARMER UNION JACK,6,2.08,06/06/2011 10:10,United Kingdom
100010,SYN1009,HAND WARMER RED POLKA DOT,7,2.05,06/06/2011 10:10,France
100010,SYN1010,JUMBO BAG RED RETROSPOT,3,2.14,06/06/2011 10:10,United Kingdom
100010,SYN1017,ASSORTED COLOUR BIRD ORNAMENT,3,1.78,06/06/2011 10:10,United Kingdom
100010,SYN1021,FELTCRAFT CHRISTMAS FAIRY,3,4.33,06/06/2011 10:10,United Kingdom
100011,SYN1001,WHITE HANGING HEART T-LIGHT HOLDER,1,2.78,02/05/2011 13:50,Germany
100011,SYN1004,KNITTED UNION FLAG HOT WATER BOTTLE,4,3.64,02/05/2011 13:50,United Kingdom
100011,SYN1005,RED WOOLLY HOTTIE WHITE HEART,8,3.48,02/05/2011 13:50,United Kingdom
100011,SYN1011,JUMBO BAG STRAWBERRY,5,2.35,02/05/2011 13:50,Germany
100011,SYN1012,JUMBO SHOPPER VINTAGE RED PAISLEY,8,1.94,02/05/2011 13:50,United Kingdom
100011,SYN1020,CHRISTMAS CRAFT TREE TOPPER,2,3.15,02/05/2011 13:50,United Kingdom
100011,SYN1021,FELTCRAFT CHRISTMAS FAIRY,5,4.66,02/05/2011 13:50,Germany
100012,SYN1001,WHITE HANGING HEART T-LIGHT HOLDER,4,2.4,23/02/2011 18:50,United Kingdom
100012,SYN1002,WHITE METAL LANTERN,6,3.41,23/02/2011 18:50,United Kingdom
100012,SYN1003,CREAM CUPID HEARTS COAT HANGER,6,2.49,23/02/2011 18:50,United Kingdom
100012,SYN1007,GLASS STAR FROSTED T-LIGHT HOLDER,1,4.23,23/02/2011 18:50,United Kingdom
100013,SYN1001,WHITE HANGING HEART T-LIGHT HOLDER,7,2.84,17/03/2011 09:05,United Kingdom
100013,SYN1003,CREAM CUPID HEARTS COAT HANGER,7,2.58,17/03/2011 09:05,Germany
100013,SYN1005,RED WOOLLY HOTTIE WHITE HEART,6,3.13,17/03/2011 09:05,United Kingdom
100014,SYN1001,WHITE HANGING HEART T-LIGHT HOLDER,4,2.89,06/06/2011 14:05,Netherlands
100014,SYN1002,WHITE METAL LANTERN,3,3.22,06/06/2011 14:05,United Kingdom
100014,SYN1003,CREAM CUPID HEARTS COAT HANGER,4,2.67,06/06/2011 14:05,United Kingdom
100014,SYN1004,KNITTED UNION FLAG HOT WATER BOTTLE,6,3.73,06/06/2011 14:05,EIRE
100014,SYN1005,RED WOOLLY HOTTIE WHITE HEART,1,3.67,06/06/2011 14:05,United Kingdom
100014,SYN1008,HAND WARMER UNION JACK,8,1.78,06/06/2011 14:05,United Kingdom
100014,SYN1009,HAND WARMER RED POLKA DOT,7,1.97,06/06/2011 14:05,United Kingdom
100014,SYN1011,JUMBO BAG STRAWBERRY,5,2.23,06/06/2011 14:05,EIRE
100014,SYN1014,LUNCH BAG BLACK SKULL,3,1.65,06/06/2011 14:05,United Kingdom
100014,SYN1020,CHRISTMAS CRAFT TREE TOPPER,3,2.67,06/06/2011 14:05,United Kingdom
100015,SYN1004,KNITTED UNION FLAG HOT WATER BOTTLE,1,3.27,14/03/2011 10:00,Netherlands
100015,SYN1005,RED WOOLLY HOTTIE WHITE HEART,6,3.26,14/03/2011 10:00,Netherlands
100015,SYN1006,SET 7 BABUSHKA NESTING BOXES,6,7.23,14/03/2011 10:00,United Kingdom
100015,SYN1010,JUMBO BAG RED RETROSPOT,5,2.13,14/03/2011 10:00,United Kingdom
100016,SYN1005,RED WOOLLY HOTTIE WHITE HEART,3,3.61,25/05/2011 08:05,United Kingdom
100016,SYN1020,CHRISTMAS CRAFT TREE TOPPER,7,3.22,25/05/2011 08:05,United Kingdom
100016,SYN1021,FELTCRAFT CHRISTMAS FAIRY,5,4.59,25/05/2011 08:05,United Kingdom
100017,SYN1001,WHITE HANGING HEART T-LIGHT HOLDER,2,2.54,27/01/2011 16:50,United Kingdom
100017,SYN1002,WHITE METAL LANTERN,1,3.58,27/01/2011 16:50,United Kingdom
100017,SYN1004,KNITTED UNION FLAG HOT WATER BOTTLE,1,3.44,27/01/2011 16:50,United Kingdom
100017,SYN1010,JUMBO BAG RED RETROSPOT,2,2.21,27/01/2011 16:50,United Kingdom
100017,SYN1012,JUMBO SHOPPER VINTAGE RED PAISLEY,5,2.29,27/01/2011 16:50,France
100017,SYN1021,FELTCRAFT CHRISTMAS FAIRY,4,4.07,27/01/2011 16:50,United Kingdom
100018,SYN1002,WHITE METAL LANTERN,3,3.06,16/04/2011 14:05,United Kingdom
100018,SYN1010,JUMBO BAG RED RETROSPOT,2,2.23,16/04/2011 14:05,United Kingdom
100018,SYN1021,FELTCRAFT CHRISTMAS FAIRY,5,4.32,16/04/2011 14:05,United Kingdom
100018,SYN1024,RECIPE BOX PANTRY YELLOW DESIGN,4,2.88,16/04/2011 14:05,United Kingdom
100019,SYN1002,WHITE METAL LANTERN,5,3.8,01/04/2011 12:35,United Kingdom
100019,SYN1004,KNITTED UNION FLAG HOT WATER BOTTLE,8,3.38,01/04/2011 12:35,United Kingdom
100019,SYN1005,RED WOOLLY HOTTIE WHITE HEART,8,3.39,01/04/2011 12:35,United Kingdom
100019,SYN1009,HAND WARMER RED POLKA DOT,7,1.81,01/04/2011 12:35,France
100019,SYN1010,,6,2.31,01/04/2011 12:35,United Kingdom
100019,SYN1012,JUMBO SHOPPER VINTAGE RED PAISLEY,1,2.34,01/04/2011 12:35,United Kingdom
100020,SYN1001,WHITE HANGING HEART T-LIGHT HOLDER,5,2.57,03/03/2011 14:30,United Kingdom
100020,SYN1002,WHITE METAL LANTERN,7,3.8,03/03/2011 14:30,United Kingdom
100020,SYN1005,RED WOOLLY HOTTIE WHITE HEART,4,3.66,03/03/2011 14:30,United Kingdom
100020,SYN1010,JUMBO BAG RED RETROSPOT,8,2.19,03/03/2011 14:30,United Kingdom
100020,SYN1021,FELTCRAFT CHRISTMAS FAIRY,8,3.88,03/03/2011 14:30,Germany
100021,SYN1001,WHITE HANGING HEART T-LIGHT HOLDER,7,2.37,06/02/2011 15:30,United Kingdom
100021,SYN1002,WHITE METAL LANTERN,8,3.52,06/02/2011 15:30,United Kingdom
100021,SYN1003,CREAM CUPID HEARTS COAT HANGER,8,2.77,06/02/2011 15:30,United Kingdom
100021,SYN1004,KNITTED UNION FLAG HOT WATER BOTTLE,3,3.34,06/02/2011 15:30,United Kingdom
100021,SYN1007,GLASS STAR FROSTED T-LIGHT HOLDER,5,4.68,06/02/2011 15:30,United Kingdom
100021,SYN1011,JUMBO BAG STRAWBERRY,7,2.07,06/02/2011 15:30,United Kingdom
100022,SYN1002,WHITE METAL LANTERN,8,3.42,13/02/2011 12:25,United Kingdom
100022,SYN1004,KNITTED UNION FLAG HOT WATER BOTTLE,1,3.16,13/02/2011 12:25,United Kingdom
100022,SYN1005,RED WOOLLY HOTTIE WHITE HEART,8,3.87,13/02/2011 12:25,United Kingdom
100022,SYN1009,HAND WARMER RED POLKA DOT,8,2.11,13/02/2011 12:25,United Kingdom
100022,SYN1011,JUMBO BAG STRAWBERRY,3,1.95,13/02/2011 12:25,EIRE
100023,SYN1001,WHITE HANGING HEART T-LIGHT HOLDER,2,2.36,31/01/2011 18:35,United Kingdom
100023,SYN1003,CREAM CUPID HEARTS COAT HANGER,4,2.74,31/01/2011 18:35,United Kingdom
100023,SYN1005,RED WOOLLY HOTTIE WHITE HEART,1,3.51,31/01/2011 18:35,EIRE
100023,SYN1010,JUMBO BAG RED RETROSPOT,6,2.21,31/01/2011 18:35,Germany
100023,SYN1011,JUMBO BAG STRAWBERRY,4,2.16,31/01/2011 18:35,United Kingdom
100023,SYN1012,JUMBO SHOPPER VINTAGE RED PAISLEY,5,1.9,31/01/2011 18:35,United Kingdom
100024,SYN1012,JUMBO SHOPPER VINTAGE RED PAISLEY,7,1.98,21/06/2011 14:05,United Kingdom
100025,SYN1004,KNITTED UNION FLAG HOT WATER BOTTLE,2,3.86,28/06/2011 16:05,United Kingdom
100025,SYN1008,HAND WARMER UNION JACK,4,1.89,28/06/2011 16:05,Germany
100026,SYN1001,WHITE HANGING HEART T-LIGHT HOLDER,6,2.76,31/01/2011 17:10,EIRE
100026,SYN1003,CREAM CUPID HEARTS COAT HANGER,6,2.61,31/01/2011 17:10,United Kingdom
100026,SYN1007,GLASS STAR FROSTED T-LIGHT HOLDER,8,3.86,31/01/2011 17:10,United Kingdom
100026,SYN1010,JUMBO BAG RED RETROSPOT,6,2.38,31/01/2011 17:10,United Kingdom
100026,SYN1011,JUMBO BAG STRAWBERRY,2,2.02,31/01/2011 17:10,United Kingdom
100026,SYN1012,JUMBO SHOPPER VINTAGE RED PAISLEY,2,2.16,31/01/2011 17:10,United Kingdom
100027,SYN1004,KNITTED UNION FLAG HOT WATER BOTTLE,1,3.37,12/04/2011 12:30,United Kingdom
100027,SYN1006,SET 7 BABUSHKA NESTING BOXES,1,7.38,12/04/2011 12:30,United Kingdom
100027,SYN1008,HAND WARMER UNION JACK,6,1.83,12/04/2011 12:30,United Kingdom
100027,SYN1010,JUMBO BAG RED RETROSPOT,1,2.01,12/04/2011 12:30,United Kingdom
100027,SYN1011,JUMBO BAG STRAWBERRY,5,2.03,12/04/2011 12:30,United Kingdom
100027,SYN1012,JUMBO SHOPPER VINTAGE RED PAISLEY,2,1.88,12/04/2011 12:30,United Kingdom
100027,SYN1021,FELTCRAFT CHRISTMAS FAIRY,8,4.84,12/04/2011 12:30,United Kingdom
100028,SYN1003,CREAM CUPID HEARTS COAT HANGER,2,2.83,30/03/2011 14:35,United Kingdom
100028,SYN1010,JUMBO BAG RED RETROSPOT,7,1.91,30/03/2011 14:35,United Kingdom
100028,SYN1011,JUMBO BAG STRAWBERRY,6,1.96,30/03/2011 14:35,United Kingdom
100028,SYN1012,JUMBO SHOPPER VINTAGE RED PAISLEY,2,2.01,30/03/2011 14:35,United Kingdom
100028,SYN1015,PACK OF 72 RETROSPOT CAKE CASES,8,0.63,30/03/2011 14:35,EIRE
100029,SYN1005,RED WOOLLY HOTTIE WHITE HEART,6,3.27,08/02/2011 10:30,United Kingdom
100030,SYN1007,GLASS STAR FROSTED T-LIGHT HOLDER,4,4.52,08/04/2011 10:15,United Kingdom
100031,SYN1005,RED WOOLLY HOTTIE WHITE HEART,4,3.84,02/04/2011 09:00,United Kingdom
100031,SYN1007,GLASS STAR FROSTED T-LIGHT HOLDER,8,4.47,02/04/2011 09:00,United Kingdom
100032,SYN1001,WHITE HANGING HEART T-LIGHT HOLDER,4,2.81,01/06/2011 09:50,United Kingdom
100032,SYN1004,KNITTED UNION FLAG HOT WATER BOTTLE,6,3.21,01/06/2011 09:50,United Kingdom
100033,SYN1009,HAND WARMER RED POLKA DOT,7,2.12,02/02/2011 15:40,United Kingdom
100033,SYN1011,JUMBO BAG STRAWBERRY,1,2.03,02/02/2011 15:40,United Kingdom
100033,SYN1013,LUNCH BAG RED RETROSPOT,7,1.49,02/02/2011 15:40,United Kingdom
100034,SYN1002,WHITE METAL LANTERN,1,3.09,21/03/2011 11:30,United Kingdom
100034,SYN1006,SET 7 BABUSHKA NESTING BOXES,7,7.06,21/03/2011 11:30,United Kingdom
100034,SYN1007,GLASS STAR FROSTED T-LIGHT HOLDER,3,3.98,21/03/2011 11:30,United Kingdom
100034,SYN1010,JUMBO BAG RED RETROSPOT,2,1.93,21/03/2011 11:30,United Kingdom
100034,SYN1011,JUMBO BAG STRAWBERRY,4,2.03,21/03/2011 11:30,France
100034,SYN1012,JUMBO SHOPPER VINTAGE RED PAISLEY,8,2.04,21/03/2011 11:30,United Kingdom
100035,SYN1007,GLASS STAR FROSTED T-LIGHT HOLDER,8,4.02,13/06/2011 09:55,United Kingdom
100035,SYN1010,JUMBO BAG RED RETROSPOT,3,2.07,13/06/2011 09:55,United Kingdom
100036,SYN1002,WHITE METAL LANTERN,5,3.6,24/02/2011 11:00,United Kingdom
100036,SYN1007,GLASS STAR FROSTED T-LIGHT HOLDER,7,4.53,24/02/2011 11:00,United Kingdom
100036,SYN1010,JUMBO BAG RED RETROSPOT,1,1.87,24/02/2011 11:00,EIRE
100037,SYN1002,WHITE METAL LANTERN,1,3.09,08/04/2011 15:45,United Kingdom
100037,SYN1003,CREAM CUPID HEARTS COAT HANGER,6,3.01,08/04/2011 15:45,United Kingdom
100037,SYN1010,JUMBO BAG RED RETROSPOT,7,2.21,08/04/2011 15:45,United Kingdom
100037,SYN1011,JUMBO BAG STRAWBERRY,2,2.39,08/04/2011 15:45,United Kingdom
100037,SYN1012,JUMBO SHOPPER VINTAGE RED PAISLEY,4,1.94,08/04/2011 15:45,Germany
100038,SYN1003,CREAM CUPID HEARTS COAT HANGER,3,2.65,31/03/2011 10:50,Netherlands
100038,SYN1006,SET 7 BABUSHKA NESTING BOXES,5,8.06,31/03/2011 10:50,United Kingdom
100038,SYN1010,JUMBO BAG RED RETROSPOT,4,1.97,31/03/2011 10:50,United Kingdom
100039,SYN1008,HAND WARMER UNION JACK,2,1.78,22/03/2011 13:30,United Kingdom
100039,SYN1009,HAND WARMER RED POLKA DOT,6,1.79,22/03/2011 13:30,EIRE
100039,SYN1011,JUMBO BAG STRAWBERRY,6,2.04,22/03/2011 13:30,United Kingdom
100040,SYN1001,WHITE HANGING HEART T-LIGHT HOLDER,1,2.38,06/02/2011 17:55,United Kingdom
100040,SYN1002,WHITE METAL LANTERN,1,3.1,06/02/2011 17:55,United Kingdom
100040,SYN1003,CREAM CUPID HEARTS COAT HANGER,6,2.84,06/02/2011 17:55,United Kingdom
100040,SYN1004,KNITTED UNION FLAG HOT WATER BOTTLE,3,3.22,06/02/2011 17:55,United Kingdom
100040,SYN1006,SET 7 BABUSHKA NESTING BOXES,3,6.91,06/02/2011 17:55,United Kingdom
100040,SYN1010,JUMBO BAG RED RETROSPOT,8,1.92,06/02/2011 17:55,United Kingdom
100040,SYN1011,JUMBO BAG STRAWBERRY,5,2.08,06/02/2011 17:55,United Kingdom
100040,SYN1014,LUNCH BAG BLACK SKULL,6,1.73,06/02/2011 17:55,United Kingdom
100040,SYN1017,ASSORTED COLOUR BIRD ORNAMENT,8,1.63,06/02/2011 17:55,Germany
100040,SYN1021,FELTCRAFT CHRISTMAS FAIRY,1,4.26,06/02/2011 17:55,United Kingdom
100041,SYN1003,CREAM CUPID HEARTS COAT HANGER,1,3.16,30/01/2011 09:00,United Kingdom
100041,SYN1007,GLASS STAR FROSTED T-LIGHT HOLDER,1,4.22,30/01/2011 09:00,United Kingdom
100041,SYN1009,HAND WARMER RED POLKA DOT,2,2.01,30/01/2011 09:00,United Kingdom
100041,SYN1010,JUMBO BAG RED RETROSPOT,2,2.01,30/01/2011 09:00,United Kingdom
100041,SYN1011,JUMBO BAG STRAWBERRY,5,2.24,30/01/2011 09:00,United Kingdom
100042,SYN1002,WHITE METAL LANTERN,3,3.68,22/05/2011 14:50,United Kingdom
100042,SYN1008,HAND WARMER UNION JACK,6,1.94,22/05/2011 14:50,United Kingdom
100042,SYN1009,HAND WARMER RED POLKA DOT,8,1.88,22/05/2011 14:50,United Kingdom
100042,SYN1024,,1,2.98,22/05/2011 14:50,United Kingdom
100043,SYN1001,WHITE HANGING HEART T-LIGHT HOLDER,1,2.32,29/05/2011 12:15,United Kingdom
100043,SYN1005,RED WOOLLY HOTTIE WHITE HEART,2,3.68,29/05/2011 12:15,United Kingdom
100043,SYN1006,SET 7 BABUSHKA NESTING BOXES,6,7.27,29/05/2011 12:15,Netherlands
100043,SYN1012,JUMBO SHOPPER VINTAGE RED PAISLEY,2,2.33,29/05/2011 12:15,United Kingdom
100043,SYN1020,CHRISTMAS CRAFT TREE TOPPER,7,2.73,29/05/2011 12:15,United Kingdom
100043,SYN1021,FELTCRAFT CHRISTMAS FAIRY,1,4.83,29/05/2011 12:15,Germany
100044,SYN1005,RED WOOLLY HOTTIE WHITE HEART,6,3.27,03/06/2011 18:50,United Kingdom
100044,SYN1006,SET 7 BABUSHKA NESTING BOXES,6,8.63,03/06/2011 18:50,United Kingdom
100045,SYN1001,WHITE HANGING HEART T-LIGHT HOLDER,4,2.75,17/05/2011 15:20,France
100045,SYN1002,WHITE METAL LANTERN,5,3.2,17/05/2011 15:20,United Kingdom
100045,SYN1003,CREAM CUPID HEARTS COAT HANGER,1,2.48,17/05/2011 15:20,United Kingdom
100045,SYN1006,SET 7 BABUSHKA NESTING BOXES,3,8.73,17/05/2011 15:20,United Kingdom
100046,SYN1011,JUMBO BAG STRAWBERRY,2,2.2,09/05/2011 17:10,United Kingdom
100047,SYN1005,RED WOOLLY HOTTIE WHITE HEART,1,3.35,30/04/2011 14:55,United Kingdom
100047,SYN1007,GLASS STAR FROSTED T-LIGHT HOLDER,8,4.53,30/04/2011 14:55,United Kingdom
100047,SYN1008,HAND WARMER UNION JACK,8,1.98,30/04/2011 14:55,United Kingdom
100047,SYN1009,HAND WARMER RED POLKA DOT,6,1.88,30/04/2011 14:55,Germany
100047,SYN1010,JUMBO BAG RED RETROSPOT,4,2.01,30/04/2011 14:55,United Kingdom
100047,SYN1011,JUMBO BAG STRAWBERRY,3,2.25,30/04/2011 14:55,EIRE
100047,SYN1012,JUMBO SHOPPER VINTAGE RED PAISLEY,6,1.96,30/04/2011 14:55,United Kingdom
100047,SYN1015,PACK OF 72 RETROSPOT CAKE CASES,2,0.52,30/04/2011 14:55,United Kingdom
100048,SYN1002,WHITE METAL LANTERN,7,3.64,13/02/2011 10:10,United Kingdom
100048,SYN1005,RED WOOLLY HOTTIE WHITE HEART,8,3.07,13/02/2011 10:10,United Kingdom
100048,SYN1015,PACK OF 72 RETROSPOT CAKE CASES,1,0.6,13/02/2011 10:10,Germany
100049,SYN1002,WHITE METAL LANTERN,2,3.81,23/04/2011 17:45,United Kingdom
100049,SYN1003,CREAM CUPID HEARTS COAT HANGER,3,2.65,23/04/2011 17:45,United Kingdom
100049,SYN1004,KNITTED UNION FLAG HOT WATER BOTTLE,7,3.49,23/04/2011 17:45,United Kingdom
100049,SYN1008,HAND WARMER UNION JACK,6,2.02,23/04/2011 17:45,United Kingdom
100049,SYN1010,JUMBO BAG RED RETROSPOT,2,1.89,23/04/2011 17:45,United Kingdom
100049,SYN1011,JUMBO BAG STRAWBERRY,4,2.14,23/04/2011 17:45,United Kingdom
100049,SYN1012,JUMBO SHOPPER VINTAGE RED PAISLEY,4,2.24,23/04/2011 17:45,United Kingdom
100050,SYN1007,GLASS STAR FROSTED T-LIGHT HOLDER,6,4.5,26/06/2011 13:40,United Kingdom
100050,SYN1009,HAND WARMER RED POLKA DOT,1,1.67,26/06/2011 13:40,United Kingdom
100051,SYN1003,CREAM CUPID HEARTS COAT HANGER,4,3.04,21/04/2011 18:25,United Kingdom
100051,SYN1004,KNITTED UNION FLAG HOT WATER BOTTLE,7,3.45,21/04/2011 18:25,United Kingdom
100051,SYN1007,GLASS STAR FROSTED T-LIGHT HOLDER,3,4.65,21/04/2011 18:25,United Kingdom
100051,SYN1008,HAND WARMER UNION JACK,4,1.79,21/04/2011 18:25,United Kingdom
100051,SYN1012,JUMBO SHOPPER VINTAGE RED PAISLEY,7,2.22,21/04/2011 18:25,United Kingdom
100051,SYN1021,FELTCRAFT CHRISTMAS FAIRY,5,4.21,21/04/2011 18:25,United Kingdom
100052,SYN1001,WHITE HANGING HEART T-LIGHT HOLDER,3,2.63,16/03/2011 15:30,United Kingdom
100052,SYN1002,WHITE METAL LANTERN,1,3.23,16/03/2011 15:30,United Kingdom
100052,SYN1007,GLASS STAR FROSTED T-LIGHT HOLDER,2,4.44,16/03/2011 15:30,France
100053,SYN1001,WHITE HANGING HEART T-LIGHT HOLDER,8,2.72,25/02/2011 15:25,United Kingdom
100053,SYN1002,WHITE METAL LANTERN,7,3.25,25/02/2011 15:25,United Kingdom
100053,SYN1003,CREAM CUPID HEARTS COAT HANGER,1,2.81,25/02/2011 15:25,Germany
100053,SYN1005,RED WOOLLY HOTTIE WHITE HEART,4,3.47,25/02/2011 15:25,United Kingdom
100053,SYN1007,GLASS STAR FROSTED T-LIGHT HOLDER,1,4.0,25/02/2011 15:25,United Kingdom
100053,SYN1009,HAND WARMER RED POLKA DOT,8,1.97,25/02/2011 15:25,France
100053,SYN1010,JUMBO BAG RED RETROSPOT,7,2.39,25/02/2011 15:25,United Kingdom
100053,SYN1012,JUMBO SHOPPER VINTAGE RED PAISLEY,6,2.2,25/02/2011 15:25,United Kingdom
100053,SYN1017,ASSORTED COLOUR BIRD ORNAMENT,6,1.86,25/02/2011 15:25,United Kingdom
100054,SYN1006,SET 7 BABUSHKA NESTING BOXES,5,7.72,16/04/2011 10:00,United Kingdom
100054,SYN1008,HAND WARMER UNION JACK,5,1.8,16/04/2011 10:00,France
100054,SYN1009,HAND WARMER RED POLKA DOT,5,2.07,16/04/2011 10:00,United Kingdom
100054,SYN1010,JUMBO BAG RED RETROSPOT,8,2.28,16/04/2011 10:00,United Kingdom
100054,SYN1011,JUMBO BAG STRAWBERRY,5,1.94,16/04/2011 10:00,EIRE
100054,SYN1012,JUMBO SHOPPER VINTAGE RED PAISLEY,1,2.08,16/04/2011 10:00,United Kingdom
100055,SYN1001,WHITE HANGING HEART T-LIGHT HOLDER,3,2.69,18/04/2011 17:00,United Kingdom
100055,SYN1009,HAND WARMER RED POLKA DOT,2,1.76,18/04/2011 17:00,United Kingdom
100055,SYN1010,JUMBO BAG RED RETROSPOT,3,1.92,18/04/2011 17:00,United Kingdom
100055,SYN1011,JUMBO BAG STRAWBERRY,2,2.35,18/04/2011 17:00,United Kingdom
100055,SYN1012,JUMBO SHOPPER VINTAGE RED PAISLEY,3,2.28,18/04/2011 17:00,United Kingdom
100056,SYN1008,HAND WARMER UNION JACK,2,2.02,28/03/2011 12:10,United Kingdom
100057,SYN1007,GLASS STAR FROSTED T-LIGHT HOLDER,8,4.05,30/06/2011 14:35,United Kingdom
100057,SYN1008,HAND WARMER UNION JACK,1,1.67,30/06/2011 14:35,United Kingdom
100058,SYN1001,WHITE HANGING HEART T-LIGHT HOLDER,3,2.76,07/01/2011 09:10,United Kingdom
100058,SYN1006,SET 7 BABUSHKA NESTING BOXES,8,7.77,07/01/2011 09:10,Netherlands
100059,SYN1002,WHITE METAL LANTERN,1,3.32,30/03/2011 08:55,Netherlands
100059,SYN1003,CREAM CUPID HEARTS COAT HANGER,8,2.94,30/03/2011 08:55,United Kingdom
100059,SYN1005,RED WOOLLY HOTTIE WHITE HEART,6,3.86,30/03/2011 08:55,United Kingdom
100059,SYN1007,GLASS STAR FROSTED T-LIGHT HOLDER,8,4.23,30/03/2011 08:55,United Kingdom
100059,SYN1010,JUMBO BAG RED RETROSPOT,6,2.02,30/03/2011 08:55,United Kingdom
100060,SYN1004,KNITTED UNION FLAG HOT WATER BOTTLE,4,3.74,23/06/2011 17:25,United Kingdom
100060,SYN1007,,5,4.11,23/06/2011 17:25,United Kingdom
100060,SYN1010,JUMBO BAG RED RETROSPOT,1,2.02,23/06/2011 17:25,United Kingdom
100060,SYN1011,JUMBO BAG STRAWBERRY,3,2.01,23/06/2011 17:25,France
100060,SYN1012,JUMBO SHOPPER VINTAGE RED PAISLEY,8,2.05,23/06/2011 17:25,United Kingdom
100061,SYN1011,JUMBO BAG STRAWBERRY,5,2.18,16/05/2011 14:15,United Kingdom
100062,SYN1003,CREAM CUPID HEARTS COAT HANGER,5,2.72,15/04/2011 16:05,United Kingdom
100062,SYN1004,KNITTED UNION FLAG HOT WATER BOTTLE,3,3.26,15/04/2011 16:05,Germany
100062,SYN1005,RED WOOLLY HOTTIE WHITE HEART,2,3.37,15/04/2011 16:05,United Kingdom
100062,SYN1006,SET 7 BABUSHKA NESTING BOXES,6,8.03,15/04/2011 16:05,United Kingdom
100062,SYN1008,HAND WARMER UNION JACK,1,1.71,15/04/2011 16:05,United Kingdom
100062,SYN1009,HAND WARMER RED POLKA DOT,8,1.94,15/04/2011 16:05,United Kingdom
100062,SYN1010,JUMBO BAG RED RETROSPOT,5,2.09,15/04/2011 16:05,Netherlands
100062,SYN1011,JUMBO BAG STRAWBERRY,3,2.0,15/04/2011 16:05,United Kingdom
100062,SYN1012,JUMBO SHOPPER VINTAGE RED PAISLEY,3,2.07,15/04/2011 16:05,United Kingdom
100063,SYN1002,WHITE METAL LANTERN,2,3.86,18/01/2011 13:55,United Kingdom
100063,SYN1005,RED WOOLLY HOTTIE WHITE HEART,8,3.77,18/01/2011 13:55,United Kingdom
100063,SYN1007,GLASS STAR FROSTED T-LIGHT HOLDER,4,4.01,18/01/2011 13:55,Netherlands
100063,SYN1010,JUMBO BAG RED RETROSPOT,1,2.34,18/01/2011 13:55,Germany
100063,SYN1011,JUMBO BAG STRAWBERRY,1,2.01,18/01/2011 13:55,United Kingdom
100064,SYN1008,HAND WARMER UNION JACK,6,1.84,21/06/2011 15:00,United Kingdom
100064,SYN1010,JUMBO BAG RED RETROSPOT,7,1.96,21/06/2011 15:00,United Kingdom
100064,SYN1011,JUMBO BAG STRAWBERRY,1,2.12,21/06/2011 15:00,Germany
100064,SYN1012,JUMBO SHOPPER VINTAGE RED PAISLEY,3,2.35,21/06/2011 15:00,United Kingdom
100065,SYN1008,HAND WARMER UNION JACK,6,1.73,28/05/2011 13:55,United Kingdom
100065,SYN1011,JUMBO BAG STRAWBERRY,8,2.16,28/05/2011 13:55,United Kingdom
100066,SYN1001,WHITE HANGING HEART T-LIGHT HOLDER,1,2.7,09/02/2011 14:30,United Kingdom
100066,SYN1002,WHITE METAL LANTERN,8,3.76,09/02/2011 14:30,United Kingdom
100066,SYN1003,CREAM CUPID HEARTS COAT HANGER,6,2.77,09/02/2011 14:30,United Kingdom
100066,SYN1004,KNITTED UNION FLAG HOT WATER BOTTLE,4,3.13,09/02/2011 14:30,United Kingdom
100066,SYN1005,RED WOOLLY HOTTIE WHITE HEART,1,3.76,09/02/2011 14:30,EIRE
100066,SYN1008,HAND WARMER UNION JACK,1,1.87,09/02/2011 14:30,United Kingdom
100066,SYN1016,REGENCY CAKESTAND 3 TIER,8,11.48,09/02/2011 14:30,France
100067,SYN1003,CREAM CUPID HEARTS COAT HANGER,4,2.89,10/05/2011 10:25,France
100067,SYN1009,HAND WARMER RED POLKA DOT,8,2.02,10/05/2011 10:25,United Kingdom
100068,SYN1001,WHITE HANGING HEART T-LIGHT HOLDER,8,2.35,20/02/2011 18:55,United Kingdom
100068,SYN1002,WHITE METAL LANTERN,3,3.79,20/02/2011 18:55,United Kingdom
100068,SYN1003,CREAM CUPID HEARTS COAT HANGER,6,2.5,20/02/2011 18:55,United Kingdom
100068,SYN1006,SET 7 BABUSHKA NESTING BOXES,1,7.57,20/02/2011 18:55,Netherlands
100068,SYN1007,GLASS STAR FROSTED T-LIGHT HOLDER,2,3.95,20/02/2011 18:55,United Kingdom
100068,SYN1009,HAND WARMER RED POLKA DOT,6,2.03,20/02/2011 18:55,France
100068,SYN1010,JUMBO BAG RED RETROSPOT,1,2.02,20/02/2011 18:55,United Kingdom
100068,SYN1020,CHRISTMAS CRAFT TREE TOPPER,8,3.03,20/02/2011 18:55,United Kingdom
100068,SYN1021,FELTCRAFT CHRISTMAS FAIRY,1,4.08,20/02/2011 18:55,United Kingdom
100069,SYN1001,WHITE HANGING HEART T-LIGHT HOLDER,8,2.63,06/05/2011 10:05,United Kingdom
100069,SYN1005,RED WOOLLY HOTTIE WHITE HEART,2,3.66,06/05/2011 10:05,United Kingdom
100069,SYN1020,CHRISTMAS CRAFT TREE TOPPER,8,3.09,06/05/2011 10:05,United Kingdom
100069,SYN1021,FELTCRAFT CHRISTMAS FAIRY,2,4.26,06/05/2011 10:05,United Kingdom
100070,SYN1011,JUMBO BAG STRAWBERRY,1,2.08,08/05/2011 11:10,Netherlands
100071,SYN1001,WHITE HANGING HEART T-LIGHT HOLDER,6,2.45,11/03/2011 14:15,United Kingdom
100071,SYN1007,GLASS STAR FROSTED T-LIGHT HOLDER,6,3.94,11/03/2011 14:15,United Kingdom
100071,SYN1009,HAND WARMER RED POLKA DOT,4,1.9,11/03/2011 14:15,United Kingdom
100072,SYN1011,JUMBO BAG STRAWBERRY,5,2.2,14/02/2011 14:35,United Kingdom
100073,SYN1001,WHITE HANGING HEART T-LIGHT HOLDER,1,2.67,20/01/2011 09:20,Netherlands
100073,SYN1002,WHITE METAL LANTERN,5,3.12,20/01/2011 09:20,United Kingdom
100073,SYN1003,CREAM CUPID HEARTS COAT HANGER,8,2.56,20/01/2011 09:20,United Kingdom
100073,SYN1005,RED WOOLLY HOTTIE WHITE HEART,7,3.54,20/01/2011 09:20,United Kingdom
100073,SYN1020,CHRISTMAS CRAFT TREE TOPPER,5,3.27,20/01/2011 09:20,United Kingdom
100073,SYN1021,FELTCRAFT CHRISTMAS FAIRY,7,4.04,20/01/2011 09:20,United Kingdom
100074,SYN1004,KNITTED UNION FLAG HOT WATER BOTTLE,7,3.06,29/04/2011 16:20,United Kingdom
100074,SYN1009,HAND WARMER RED POLKA DOT,4,1.81,29/04/2011 16:20,United Kingdom
100075,SYN1001,WHITE HANGING HEART T-LIGHT HOLDER,6,2.76,10/03/2011 11:20,United Kingdom
100075,SYN1002,WHITE METAL LANTERN,3,3.4,10/03/2011 11:20,United Kingdom
100075,SYN1003,CREAM CUPID HEARTS COAT HANGER,4,2.9,10/03/2011 11:20,France
100075,SYN1008,HAND WARMER UNION JACK,2,2.01,10/03/2011 11:20,United Kingdom
100075,SYN1011,JUMBO BAG STRAWBERRY,8,2.01,10/03/2011 11:20,United Kingdom
100076,SYN1001,WHITE HANGING HEART T-LIGHT HOLDER,2,2.54,30/06/2011 10:30,United Kingdom
100076,SYN1002,WHITE METAL LANTERN,6,3.3,30/06/2011 10:30,United Kingdom
100076,SYN1003,CREAM CUPID HEARTS COAT HANGER,7,2.92,30/06/2011 10:30,United Kingdom
100076,SYN1007,GLASS STAR FROSTED T-LIGHT HOLDER,8,4.23,30/06/2011 10:30,United Kingdom
100076,SYN1010,JUMBO BAG RED RETROSPOT,3,2.1,30/06/2011 10:30,United Kingdom
100076,SYN1012,JUMBO SHOPPER VINTAGE RED PAISLEY,6,2.04,30/06/2011 10:30,France
100077,SYN1005,RED WOOLLY HOTTIE WHITE HEART,7,3.38,11/02/2011 11:30,United Kingdom
100077,SYN1009,HAND WARMER RED POLKA DOT,6,1.87,11/02/2011 11:30,United Kingdom
100077,SYN1010,JUMBO BAG RED RETROSPOT,4,1.92,11/02/2011 11:30,United Kingdom
100077,SYN1011,JUMBO BAG STRAWBERRY,3,2.33,11/02/2011 11:30,Netherlands
100077,SYN1012,JUMBO SHOPPER VINTAGE RED PAISLEY,8,2.27,11/02/2011 11:30,Germany
100078,SYN1002,WHITE METAL LANTERN,6,3.75,11/05/2011 16:55,EIRE
100078,SYN1003,CREAM CUPID HEARTS COAT HANGER,7,2.91,11/05/2011 16:55,United Kingdom
100078,SYN1009,HAND WARMER RED POLKA DOT,4,1.9,11/05/2011 16:55,United Kingdom
100079,SYN1012,JUMBO SHOPPER VINTAGE RED PAISLEY,5,2.24,02/02/2011 18:45,United Kingdom
100080,SYN1001,WHITE HANGING HEART T-LIGHT HOLDER,2,2.39,13/03/2011 09:45,United Kingdom
100080,SYN1002,WHITE METAL LANTERN,1,3.14,13/03/2011 09:45,United Kingdom
100080,SYN1003,CREAM CUPID HEARTS COAT HANGER,8,2.9,13/03/2011 09:45,United Kingdom
100080,SYN1005,RED WOOLLY HOTTIE WHITE HEART,1,3.63,13/03/2011 09:45,United Kingdom
100080,SYN1009,HAND WARMER RED POLKA DOT,4,1.83,13/03/2011 09:45,United Kingdom
100080,SYN1010,JUMBO BAG RED RETROSPOT,2,2.32,13/03/2011 09:45,Netherlands
100080,SYN1011,JUMBO BAG STRAWBERRY,4,2.11,13/03/2011 09:45,United Kingdom
100081,SYN1001,WHITE HANGING HEART T-LIGHT HOLDER,6,2.3,08/01/2011 14:45,France
100081,SYN1003,CREAM CUPID HEARTS COAT HANGER,7,2.89,08/01/2011 14:45,Netherlands
100082,SYN1001,WHITE HANGING HEART T-LIGHT HOLDER,5,2.55,03/04/2011 11:50,United Kingdom
100082,SYN1002,WHITE METAL LANTERN,7,3.34,03/04/2011 11:50,United Kingdom
100082,SYN1003,CREAM CUPID HEARTS COAT HANGER,7,3.04,03/04/2011 11:50,United Kingdom
100082,SYN1004,KNITTED UNION FLAG HOT WATER BOTTLE,4,3.45,03/04/2011 11:50,United Kingdom
100082,SYN1006,SET 7 BABUSHKA NESTING BOXES,5,8.16,03/04/2011 11:50,United Kingdom
100082,SYN1010,JUMBO BAG RED RETROSPOT,3,1.92,03/04/2011 11:50,United Kingdom
100082,SYN1011,JUMBO BAG STRAWBERRY,3,2.16,03/04/2011 11:50,United Kingdom
100082,SYN1012,JUMBO SHOPPER VINTAGE RED PAISLEY,4,1.95,03/04/2011 11:50,United Kingdom
100083,SYN1008,HAND WARMER UNION JACK,6,1.91,13/06/2011 14:50,United Kingdom
100083,SYN1009,HAND WARMER RED POLKA DOT,3,2.07,13/06/2011 14:50,United Kingdom
100083,SYN1011,JUMBO BAG STRAWBERRY,5,2.25,13/06/2011 14:50,United Kingdom
100083,SYN1015,PACK OF 72 RETROSPOT CAKE CASES,3,0.54,13/06/2011 14:50,United Kingdom
100083,SYN1020,CHRISTMAS CRAFT TREE TOPPER,3,3.23,13/06/2011 14:50,United Kingdom
100084,SYN1012,JUMBO SHOPPER VINTAGE RED PAISLEY,3,2.3,22/02/2011 09:05,United Kingdom
100085,SYN1006,SET 7 BABUSHKA NESTING BOXES,6,8.6,13/03/2011 15:50,United Kingdom
100086,SYN1002,WHITE METAL LANTERN,1,3.39,23/06/2011 15:15,United Kingdom
100086,SYN1005,RED WOOLLY HOTTIE WHITE HEART,5,3.18,23/06/2011 15:15,United Kingdom
100086,SYN1010,JUMBO BAG RED RETROSPOT,3,2.17,23/06/2011 15:15,United Kingdom
100087,SYN1011,JUMBO BAG STRAWBERRY,1,2.38,23/04/2011 16:20,United Kingdom
100088,SYN1004,KNITTED UNION FLAG HOT WATER BOTTLE,7,3.43,26/01/2011 13:15,United Kingdom
100088,SYN1005,RED WOOLLY HOTTIE WHITE HEART,8,3.48,26/01/2011 13:15,United Kingdom
100088,SYN1010,JUMBO BAG RED RETROSPOT,3,2.13,26/01/2011 13:15,United Kingdom
100088,SYN1012,JUMBO SHOPPER VINTAGE RED PAISLEY,5,1.96,26/01/2011 13:15,United Kingdom
100089,SYN1005,RED WOOLLY HOTTIE WHITE HEART,4,3.06,08/06/2011 16:20,United Kingdom
100089,SYN1011,JUMBO BAG STRAWBERRY,6,2.23,08/06/2011 16:20,United Kingdom
100089,SYN1016,REGENCY CAKESTAND 3 TIER,4,12.54,08/06/2011 16:20,United Kingdom
100089,SYN1022,WOODEN PICTURE FRAME WHITE FINISH,3,3.15,08/06/2011 16:20,United Kingdom
100089,SYN1023,WOODEN FRAME ANTIQUE WHITE,7,3.27,08/06/2011 16:20,United Kingdom
100090,SYN1002,WHITE METAL LANTERN,6,3.3,01/03/2011 13:35,United Kingdom
100090,SYN1003,CREAM CUPID HEARTS COAT HANGER,8,3.16,01/03/2011 13:35,United Kingdom
100090,SYN1008,HAND WARMER UNION JACK,6,2.12,01/03/2011 13:35,United Kingdom
100091,SYN1011,JUMBO BAG STRAWBERRY,5,2.21,21/01/2011 15:30,United Kingdom
100092,SYN1002,WHITE METAL LANTERN,3,3.6,01/06/2011 08:30,United Kingdom
100092,SYN1005,RED WOOLLY HOTTIE WHITE HEART,3,3.52,01/06/2011 08:30,United Kingdom
100093,SYN1001,WHITE HANGING HEART T-LIGHT HOLDER,5,2.68,08/03/2011 08:00,United Kingdom
100093,SYN1004,KNITTED UNION FLAG HOT WATER BOTTLE,4,3.19,08/03/2011 08:00,United Kingdom
100093,SYN1007,GLASS STAR FROSTED T-LIGHT HOLDER,2,4.87,08/03/2011 08:00,France
100093,SYN1008,HAND WARMER UNION JACK,4,2.0,08/03/2011 08:00,United Kingdom
100094,SYN1001,WHITE HANGING HEART T-LIGHT HOLDER,3,2.54,28/05/2011 16:30,United Kingdom
100094,SYN1002,WHITE METAL LANTERN,6,3.53,28/05/2011 16:30,United Kingdom
100094,SYN1008,HAND WARMER UNION JACK,8,1.86,28/05/2011 16:30,United Kingdom
100095,SYN1005,RED WOOLLY HOTTIE WHITE HEART,6,3.46,28/06/2011 10:30,United Kingdom
100095,SYN1010,JUMBO BAG RED RETROSPOT,6,2.15,28/06/2011 10:30,United Kingdom
100095,SYN1011,JUMBO BAG STRAWBERRY,4,2.22,28/06/2011 10:30,United Kingdom
100096,SYN1002,WHITE METAL LANTERN,4,3.78,05/01/2011 18:45,United Kingdom
100096,SYN1004,KNITTED UNION FLAG HOT WATER BOTTLE,5,3.65,05/01/2011 18:45,United Kingdom
100096,SYN1005,RED WOOLLY HOTTIE WHITE HEART,2,3.67,05/01/2011 18:45,Germany
100096,SYN1007,GLASS STAR FROSTED T-LIGHT HOLDER,7,4.55,05/01/2011 18:45,United Kingdom
100096,SYN1008,HAND WARMER UNION JACK,2,1.95,05/01/2011 18:45,Netherlands
100096,SYN1018,PARTY BUNTING,8,5.48,05/01/2011 18:45,United Kingdom
100097,SYN1001,WHITE HANGING HEART T-LIGHT HOLDER,3,2.57,07/02/2011 17:35,Germany
100097,SYN1002,WHITE METAL LANTERN,4,3.53,07/02/2011 17:35,Germany
100097,SYN1003,CREAM CUPID HEARTS COAT HANGER,3,2.73,07/02/2011 17:35,France
100097,SYN1006,SET 7 BABUSHKA NESTING BOXES,1,8.46,07/02/2011 17:35,United Kingdom
100097,SYN1007,GLASS STAR FROSTED T-LIGHT HOLDER,6,4.59,07/02/2011 17:35,United Kingdom
100097,SYN1015,PACK OF 72 RETROSPOT CAKE CASES,2,0.54,07/02/2011 17:35,United Kingdom
100097,SYN1020,CHRISTMAS CRAFT TREE TOPPER,1,3.34,07/02/2011 17:35,United Kingdom
100098,SYN1005,RED WOOLLY HOTTIE WHITE HEART,5,3.79,12/03/2011 11:55,United Kingdom
100098,SYN1006,SET 7 BABUSHKA NESTING BOXES,5,7.91,12/03/2011 11:55,United Kingdom
100098,SYN1008,HAND WARMER UNION JACK,8,1.67,12/03/2011 11:55,United Kingdom
100099,SYN1003,CREAM CUPID HEARTS COAT HANGER,4,2.69,16/02/2011 16:35,United Kingdom
100099,SYN1007,GLASS STAR FROSTED T-LIGHT HOLDER,4,4.01,16/02/2011 16:35,United Kingdom
100099,SYN1008,HAND WARMER UNION JACK,8,1.84,16/02/2011 16:35,United Kingdom
100099,SYN1010,,8,2.05,16/02/2011 16:35,United Kingdom
100099,SYN1011,JUMBO BAG STRAWBERRY,1,2.2,16/02/2011 16:35,United Kingdom
100099,SYN1012,JUMBO SHOPPER VINTAGE RED PAISLEY,7,2.01,16/02/2011 16:35,United Kingdom
100099,SYN1017,ASSORTED COLOUR BIRD ORNAMENT,3,1.94,16/02/2011 16:35,United Kingdom
100100,SYN1002,WHITE METAL LANTERN,6,3.48,29/05/2011 09:15,United Kingdom
100100,SYN1003,CREAM CUPID HEARTS COAT HANGER,7,2.7,29/05/2011 09:15,United Kingdom
100100,SYN1004,KNITTED UNION FLAG HOT WATER BOTTLE,8,3.48,29/05/2011 09:15,Germany
100101,SYN1002,WHITE METAL LANTERN,6,3.11,12/02/2011 10:10,United Kingdom
100101,SYN1003,CREAM CUPID HEARTS COAT HANGER,3,2.68,12/02/2011 10:10,United Kingdom
100101,SYN1005,RED WOOLLY HOTTIE WHITE HEART,7,3.66,12/02/2011 10:10,Germany
100101,SYN1009,HAND WARMER RED POLKA DOT,6,2.08,12/02/2011 10:10,United Kingdom
100101,SYN1010,JUMBO BAG RED RETROSPOT,1,2.27,12/02/2011 10:10,United Kingdom
100101,SYN1024,RECIPE BOX PANTRY YELLOW DESIGN,1,2.82,12/02/2011 10:10,United Kingdom
100102,SYN1001,WHITE HANGING HEART T-LIGHT HOLDER,6,2.88,20/02/2011 12:40,United Kingdom
100102,SYN1002,WHITE METAL LANTERN,1,3.6,20/02/2011 12:40,United Kingdom
100102,SYN1003,CREAM CUPID HEARTS COAT HANGER,6,2.59,20/02/2011 12:40,France
100102,SYN1006,SET 7 BABUSHKA NESTING BOXES,2,8.08,20/02/2011 12:40,United Kingdom
100102,SYN1011,JUMBO BAG STRAWBERRY,7,2.01,20/02/2011 12:40,United Kingdom
100102,SYN1018,PARTY BUNTING,6,5.15,20/02/2011 12:40,EIRE
100102,SYN1021,FELTCRAFT CHRISTMAS FAIRY,6,3.99,20/02/2011 12:40,United Kingdom
100103,SYN1003,CREAM CUPID HEARTS COAT HANGER,8,3.0,05/02/2011 16:05,United Kingdom
100103,SYN1004,KNITTED UNION FLAG HOT WATER BOTTLE,8,3.53,05/02/2011 16:05,United Kingdom
100103,SYN1006,SET 7 BABUSHKA NESTING BOXES,5,7.14,05/02/2011 16:05,United Kingdom
100103,SYN1010,JUMBO BAG RED RETROSPOT,6,1.95,05/02/2011 16:05,United Kingdom
100103,SYN1011,JUMBO BAG STRAWBERRY,2,2.36,05/02/2011 16:05,United Kingdom
100104,SYN1003,CREAM CUPID HEARTS COAT HANGER,4,2.78,02/01/2011 16:40,France
100104,SYN1012,JUMBO SHOPPER VINTAGE RED PAISLEY,6,2.34,02/01/2011 16:40,United Kingdom
100105,SYN1001,WHITE HANGING HEART T-LIGHT HOLDER,7,2.9,11/02/2011 08:05,United Kingdom
100105,SYN1002,WHITE METAL LANTERN,5,3.07,11/02/2011 08:05,United Kingdom
100105,SYN1003,CREAM CUPID HEARTS COAT HANGER,6,2.61,11/02/2011 08:05,United Kingdom
100105,SYN1004,KNITTED UNION FLAG HOT WATER BOTTLE,5,3.8,11/02/2011 08:05,United Kingdom
100105,SYN1010,JUMBO BAG RED RETROSPOT,3,2.12,11/02/2011 08:05,Netherlands
100106,SYN1006,SET 7 BABUSHKA NESTING BOXES,4,7.99,31/03/2011 10:20,Germany
100106,SYN1011,JUMBO BAG STRAWBERRY,6,1.9,31/03/2011 10:20,United Kingdom
100107,SYN1003,CREAM CUPID HEARTS COAT HANGER,6,2.54,06/04/2011 14:10,United Kingdom
100107,SYN1010,JUMBO BAG RED RETROSPOT,2,2.09,06/04/2011 14:10,United Kingdom
100107,SYN1011,JUMBO BAG STRAWBERRY,7,2.33,06/04/2011 14:10,EIRE
100107,SYN1012,JUMBO SHOPPER VINTAGE RED PAISLEY,4,1.98,06/04/2011 14:10,United Kingdom
100108,SYN1004,KNITTED UNION FLAG HOT WATER BOTTLE,3,3.5,02/01/2011 10:40,United Kingdom
100108,SYN1006,SET 7 BABUSHKA NESTING BOXES,3,8.1,02/01/2011 10:40,United Kingdom
100109,SYN1002,WHITE METAL LANTERN,5,3.28,17/01/2011 13:35,Netherlands
100109,SYN1012,JUMBO SHOPPER VINTAGE RED PAISLEY,1,2.08,17/01/2011 13:35,United Kingdom
100110,SYN1005,RED WOOLLY HOTTIE WHITE HEART,3,3.38,09/03/2011 08:25,United Kingdom
100110,SYN1007,GLASS STAR FROSTED T-LIGHT HOLDER,3,4.78,09/03/2011 08:25,United Kingdom
100110,SYN1010,JUMBO BAG RED RETROSPOT,5,2.23,09/03/2011 08:25,United Kingdom
100110,SYN1012,JUMBO SHOPPER VINTAGE RED PAISLEY,4,2.22,09/03/2011 08:25,United Kingdom
100111,SYN1001,WHITE HANGING HEART T-LIGHT HOLDER,6,2.67,26/05/2011 08:55,EIRE
100111,SYN1006,SET 7 BABUSHKA NESTING BOXES,7,7.56,26/05/2011 08:55,United Kingdom
100111,SYN1008,HAND WARMER UNION JACK,5,1.95,26/05/2011 08:55,United Kingdom
100111,SYN1010,JUMBO BAG RED RETROSPOT,4,2.35,26/05/2011 08:55,United Kingdom
100111,SYN1011,JUMBO BAG STRAWBERRY,8,2.32,26/05/2011 08:55,United Kingdom
100112,SYN1003,CREAM CUPID HEARTS COAT HANGER,3,2.58,16/05/2011 17:15,United Kingdom
100112,SYN1009,HAND WARMER RED POLKA DOT,1,1.81,16/05/2011 17:15,United Kingdom
100113,SYN1002,WHITE METAL LANTERN,2,3.43,04/04/2011 14:10,United Kingdom
100113,SYN1005,RED WOOLLY HOTTIE WHITE HEART,3,3.06,04/04/2011 14:10,United Kingdom
100113,SYN1008,HAND WARMER UNION JACK,4,1.95,04/04/2011 14:10,United Kingdom
100113,SYN1009,HAND WARMER RED POLKA DOT,5,1.67,04/04/2011 14:10,United Kingdom
100113,SYN1011,JUMBO BAG STRAWBERRY,1,2.18,04/04/2011 14:10,United Kingdom
100114,SYN1004,KNITTED UNION FLAG HOT WATER BOTTLE,8,3.37,09/05/2011 13:20,United Kingdom
100114,SYN1012,JUMBO SHOPPER VINTAGE RED PAISLEY,7,2.1,09/05/2011 13:20,United Kingdom
100114,SYN1020,CHRISTMAS CRAFT TREE TOPPER,4,2.94,09/05/2011 13:20,United Kingdom
100115,SYN1007,GLASS STAR FROSTED T-LIGHT HOLDER,1,3.94,07/05/2011 17:25,United Kingdom
100115,SYN1009,HAND WARMER RED POLKA DOT,7,1.86,07/05/2011 17:25,United Kingdom
100115,SYN1011,JUMBO BAG STRAWBERRY,8,2.08,07/05/2011 17:25,United Kingdom
100115,SYN1012,JUMBO SHOPPER VINTAGE RED PAISLEY,1,2.22,07/05/2011 17:25,United Kingdom
100115,SYN1020,CHRISTMAS CRAFT TREE TOPPER,1,3.34,07/05/2011 17:25,United Kingdom
100115,SYN1021,FELTCRAFT CHRISTMAS FAIRY,7,4.64,07/05/2011 17:25,United Kingdom
100116,SYN1001,WHITE HANGING HEART T-LIGHT HOLDER,7,2.83,28/02/2011 09:45,United Kingdom
100116,SYN1002,WHITE METAL LANTERN,1,3.79,28/02/2011 09:45,United Kingdom
100116,SYN1003,CREAM CUPID HEARTS COAT HANGER,1,2.6,28/02/2011 09:45,United Kingdom
100116,SYN1004,KNITTED UNION FLAG HOT WATER BOTTLE,2,3.32,28/02/2011 09:45,United Kingdom
100116,SYN1006,SET 7 BABUSHKA NESTING BOXES,7,7.86,28/02/2011 09:45,United Kingdom
100116,SYN1008,HAND WARMER UNION JACK,5,1.78,28/02/2011 09:45,United Kingdom
100116,SYN1012,JUMBO SHOPPER VINTAGE RED PAISLEY,5,2.03,28/02/2011 09:45,United Kingdom
100117,SYN1004,KNITTED UNION FLAG HOT WATER BOTTLE,1,3.5,18/02/2011 18:25,United Kingdom
100117,SYN1008,HAND WARMER UNION JACK,6,1.68,18/02/2011 18:25,United Kingdom
100117,SYN1009,HAND WARMER RED POLKA DOT,4,1.99,18/02/2011 18:25,United Kingdom
100118,SYN1001,WHITE HANGING HEART T-LIGHT HOLDER,8,2.41,20/05/2011 15:30,Germany
100118,SYN1002,WHITE METAL LANTERN,3,3.47,20/05/2011 15:30,United Kingdom
100118,SYN1003,CREAM CUPID HEARTS COAT HANGER,5,3.03,20/05/2011 15:30,United Kingdom
100118,SYN1011,JUMBO BAG STRAWBERRY,4,2.14,20/05/2011 15:30,United Kingdom
100118,SYN1020,CHRISTMAS CRAFT TREE TOPPER,2,3.36,20/05/2011 15:30,United Kingdom
100118,SYN1021,FELTCRAFT CHRISTMAS FAIRY,5,4.58,20/05/2011 15:30,United Kingdom
100119,SYN1003,CREAM CUPID HEARTS COAT HANGER,3,3.13,05/04/2011 08:55,United Kingdom
100119,SYN1005,RED WOOLLY HOTTIE WHITE HEART,1,3.33,05/04/2011 08:55,United Kingdom
100119,SYN1006,SET 7 BABUSHKA NESTING BOXES,2,7.26,05/04/2011 08:55,United Kingdom
100119,SYN1009,HAND WARMER RED POLKA DOT,6,1.98,05/04/2011 08:55,United Kingdom
100119,SYN1011,JUMBO BAG STRAWBERRY,2,2.21,05/04/2011 08:55,United Kingdom
100120,SYN1004,KNITTED UNION FLAG HOT WATER BOTTLE,2,3.22,17/06/2011 16:05,United Kingdom
100121,SYN1001,WHITE HANGING HEART T-LIGHT HOLDER,6,2.77,19/02/2011 12:00,United Kingdom
100121,SYN1002,WHITE METAL LANTERN,5,3.74,19/02/2011 12:00,United Kingdom
100121,SYN1003,CREAM CUPID HEARTS COAT HANGER,2,3.02,19/02/2011 12:00,United Kingdom
100121,SYN1005,RED WOOLLY HOTTIE WHITE HEART,1,3.08,19/02/2011 12:00,United Kingdom
100121,SYN1010,JUMBO BAG RED RETROSPOT,3,2.09,19/02/2011 12:00,France
100121,SYN1011,JUMBO BAG STRAWBERRY,3,2.06,19/02/2011 12:00,United Kingdom
100121,SYN1012,JUMBO SHOPPER VINTAGE RED PAISLEY,1,2.31,19/02/2011 12:00,France
100121,SYN1015,PACK OF 72 RETROSPOT CAKE CASES,3,0.53,19/02/2011 12:00,United Kingdom
100122,SYN1001,WHITE HANGING HEART T-LIGHT HOLDER,4,2.92,04/02/2011 10:35,Germany
100122,SYN1005,RED WOOLLY HOTTIE WHITE HEART,4,3.81,04/02/2011 10:35,United Kingdom
100122,SYN1006,SET 7 BABUSHKA NESTING BOXES,8,8.4,04/02/2011 10:35,United Kingdom
100122,SYN1009,HAND WARMER RED POLKA DOT,4,1.71,04/02/2011 10:35,United Kingdom
100122,SYN1012,JUMBO SHOPPER VINTAGE RED PAISLEY,1,2.09,04/02/2011 10:35,United Kingdom
100123,SYN1001,WHITE HANGING HEART T-LIGHT HOLDER,3,2.81,10/01/2011 17:05,United Kingdom
100123,SYN1002,WHITE METAL LANTERN,8,3.55,10/01/2011 17:05,United Kingdom
100123,SYN1004,KNITTED UNION FLAG HOT WATER BOTTLE,7,3.72,10/01/2011 17:05,United Kingdom
100123,SYN1006,SET 7 BABUSHKA NESTING BOXES,3,8.29,10/01/2011 17:05,United Kingdom
100123,SYN1012,JUMBO SHOPPER VINTAGE RED PAISLEY,6,2.27,10/01/2011 17:05,United Kingdom
100124,SYN1002,WHITE METAL LANTERN,6,3.54,22/02/2011 13:55,United Kingdom
100124,SYN1006,SET 7 BABUSHKA NESTING BOXES,8,7.14,22/02/2011 13:55,France
100124,SYN1009,HAND WARMER RED POLKA DOT,1,2.01,22/02/2011 13:55,France
100124,SYN1010,JUMBO BAG RED RETROSPOT,3,2.1,22/02/2011 13:55,France
100124,SYN1012,JUMBO SHOPPER VINTAGE RED PAISLEY,5,2.26,22/02/2011 13:55,United Kingdom
100124,SYN1014,LUNCH BAG BLACK SKULL,2,1.51,22/02/2011 13:55,United Kingdom
100125,SYN1007,GLASS STAR FROSTED T-LIGHT HOLDER,6,4.7,25/03/2011 11:15,United Kingdom
100126,SYN1001,WHITE HANGING HEART T-LIGHT HOLDER,8,2.56,08/01/2011 18:50,United Kingdom
100126,SYN1005,RED WOOLLY HOTTIE WHITE HEART,6,3.51,08/01/2011 18:50,United Kingdom
100126,SYN1008,HAND WARMER UNION JACK,8,1.95,08/01/2011 18:50,United Kingdom
100127,SYN1011,JUMBO BAG STRAWBERRY,3,2.06,09/01/2011 10:55,United Kingdom
100127,SYN1012,JUMBO SHOPPER VINTAGE RED PAISLEY,7,2.03,09/01/2011 10:55,United Kingdom
100127,SYN1013,LUNCH BAG RED RETROSPOT,4,1.84,09/01/2011 10:55,Netherlands
100128,SYN1002,WHITE METAL LANTERN,7,3.17,17/04/2011 08:00,United Kingdom
100128,SYN1006,SET 7 BABUSHKA NESTING BOXES,7,7.03,17/04/2011 08:00,United Kingdom
100128,SYN1010,JUMBO BAG RED RETROSPOT,5,2.06,17/04/2011 08:00,United Kingdom
100128,SYN1011,JUMBO BAG STRAWBERRY,7,2.36,17/04/2011 08:00,United Kingdom
100128,SYN1012,JUMBO SHOPPER VINTAGE RED PAISLEY,8,2.13,17/04/2011 08:00,United Kingdom
100129,SYN1001,WHITE HANGING HEART T-LIGHT HOLDER,1,2.93,02/01/2011 18:05,United Kingdom
100129,SYN1005,RED WOOLLY HOTTIE WHITE HEART,5,3.58,02/01/2011 18:05,United Kingdom
100129,SYN1006,SET 7 BABUSHKA NESTING BOXES,1,7.69,02/01/2011 18:05,EIRE
100129,SYN1007,GLASS STAR FROSTED T-LIGHT HOLDER,7,4.35,02/01/2011 18:05,EIRE
100129,SYN1008,HAND WARMER UNION JACK,5,1.81,02/01/2011 18:05,France
100129,SYN1011,JUMBO BAG STRAWBERRY,1,2.28,02/01/2011 18:05,United Kingdom
100129,SYN1012,JUMBO SHOPPER VINTAGE RED PAISLEY,1,1.96,02/01/2011 18:05,United Kingdom
100130,SYN1005,RED WOOLLY HOTTIE WHITE HEART,6,3.84,22/02/2011 12:00,United Kingdom
100130,SYN1012,JUMBO SHOPPER VINTAGE RED PAISLEY,6,2.08,22/02/2011 12:00,United Kingdom
100131,SYN1001,WHITE HANGING HEART T-LIGHT HOLDER,7,2.77,09/04/2011 09:15,United Kingdom
100131,SYN1006,SET 7 BABUSHKA NESTING BOXES,7,7.9,09/04/2011 09:15,United Kingdom
100131,SYN1016,REGENCY CAKESTAND 3 TIER,5,12.91,09/04/2011 09:15,United Kingdom
100131,SYN1018,PARTY BUNTING,5,4.89,09/04/2011 09:15,Netherlands
100131,SYN1022,WOODEN PICTURE FRAME WHITE FINISH,4,3.31,09/04/2011 09:15,France
100132,SYN1003,CREAM CUPID HEARTS COAT HANGER,2,3.01,25/01/2011 17:50,United Kingdom
100132,SYN1011,JUMBO BAG STRAWBERRY,6,2.08,25/01/2011 17:50,United Kingdom
100133,SYN1003,CREAM CUPID HEARTS COAT HANGER,2,2.82,12/03/2011 10:55,France
100133,SYN1004,KNITTED UNION FLAG HOT WATER BOTTLE,7,3.39,12/03/2011 10:55,United Kingdom
100133,SYN1006,SET 7 BABUSHKA NESTING BOXES,3,7.17,12/03/2011 10:55,United Kingdom
100134,SYN1003,CREAM CUPID HEARTS COAT HANGER,2,3.01,17/02/2011 09:20,United Kingdom
100134,SYN1007,GLASS STAR FROSTED T-LIGHT HOLDER,4,4.79,17/02/2011 09:20,United Kingdom
100134,SYN1011,JUMBO BAG STRAWBERRY,2,2.06,17/02/2011 09:20,United Kingdom
C100135,SYN1008,HAND WARMER UNION JACK,1,1.68,04/01/2011 13:15,France
100136,SYN1004,KNITTED UNION FLAG HOT WATER BOTTLE,1,3.24,16/01/2011 11:20,United Kingdom
100136,SYN1009,HAND WARMER RED POLKA DOT,5,1.86,16/01/2011 11:20,United Kingdom
100137,SYN1006,SET 7 BABUSHKA NESTING BOXES,5,7.02,09/06/2011 09:45,United Kingdom
100138,SYN1003,CREAM CUPID HEARTS COAT HANGER,1,2.78,14/02/2011 15:50,United Kingdom
100138,SYN1007,GLASS STAR FROSTED T-LIGHT HOLDER,4,4.65,14/02/2011 15:50,United Kingdom
100139,SYN1001,WHITE HANGING HEART T-LIGHT HOLDER,5,2.65,27/06/2011 12:55,United Kingdom
100139,SYN1002,WHITE METAL LANTERN,6,3.89,27/06/2011 12:55,United Kingdom
100139,SYN1003,CREAM CUPID HEARTS COAT HANGER,3,2.95,27/06/2011 12:55,United Kingdom
100140,SYN1002,WHITE METAL LANTERN,2,3.5,26/01/2011 15:05,United Kingdom
100140,SYN1006,SET 7 BABUSHKA NESTING BOXES,6,7.37,26/01/2011 15:05,United Kingdom
100140,SYN1008,HAND WARMER UNION JACK,5,2.1,26/01/2011 15:05,EIRE
100140,SYN1011,JUMBO BAG STRAWBERRY,7,1.96,26/01/2011 15:05,Germany
100141,SYN1008,HAND WARMER UNION JACK,2,2.06,05/04/2011 10:00,United Kingdom
100141,SYN1020,CHRISTMAS CRAFT TREE TOPPER,8,3.01,05/04/2011 10:00,United Kingdom
100141,SYN1021,FELTCRAFT CHRISTMAS FAIRY,4,4.04,05/04/2011 10:00,United Kingdom
100142,SYN1001,WHITE HANGING HEART T-LIGHT HOLDER,8,2.74,04/01/2011 17:10,United Kingdom
100142,SYN1002,WHITE METAL LANTERN,8,3.56,04/01/2011 17:10,United Kingdom
100142,SYN1008,HAND WARMER UNION JACK,4,1.67,04/01/2011 17:10,United Kingdom
100142,SYN1010,JUMBO BAG RED RETROSPOT,4,2.2,04/01/2011 17:10,United Kingdom
100142,SYN1022,WOODEN PICTURE FRAME WHITE FINISH,2,3.32,04/01/2011 17:10,United Kingdom
100142,SYN1023,,8,2.69,04/01/2011 17:10,United Kingdom
100143,SYN1001,WHITE HANGING HEART T-LIGHT HOLDER,2,2.41,25/02/2011 18:00,United Kingdom
100143,SYN1008,HAND WARMER UNION JACK,6,1.71,25/02/2011 18:00,United Kingdom
100144,SYN1001,WHITE HANGING HEART T-LIGHT HOLDER,8,2.55,30/04/2011 08:05,United Kingdom
100144,SYN1002,WHITE METAL LANTERN,1,3.21,30/04/2011 08:05,United Kingdom
100144,SYN1009,HAND WARMER RED POLKA DOT,4,1.72,30/04/2011 08:05,United Kingdom
100144,SYN1010,JUMBO BAG RED RETROSPOT,7,2.38,30/04/2011 08:05,United Kingdom
100144,SYN1012,JUMBO SHOPPER VINTAGE RED PAISLEY,6,2.22,30/04/2011 08:05,United Kingdom
100145,SYN1001,WHITE HANGING HEART T-LIGHT HOLDER,4,2.63,28/02/2011 09:05,United Kingdom
100145,SYN1002,WHITE METAL LANTERN,4,3.83,28/02/2011 09:05,United Kingdom
100145,SYN1004,KNITTED UNION FLAG HOT WATER BOTTLE,1,3.76,28/02/2011 09:05,United Kingdom
100145,SYN1006,SET 7 BABUSHKA NESTING BOXES,3,8.51,28/02/2011 09:05,United Kingdom
100145,SYN1010,JUMBO BAG RED RETROSPOT,3,2.19,28/02/2011 09:05,United Kingdom
100145,SYN1022,WOODEN PICTURE FRAME WHITE FINISH,3,2.84,28/02/2011 09:05,United Kingdom
100146,SYN1001,WHITE HANGING HEART T-LIGHT HOLDER,6,2.88,01/03/2011 13:30,United Kingdom
100146,SYN1004,KNITTED UNION FLAG HOT WATER BOTTLE,4,3.81,01/03/2011 13:30,United Kingdom
100146,SYN1005,RED WOOLLY HOTTIE WHITE HEART,2,3.08,01/03/2011 13:30,France
100146,SYN1006,SET 7 BABUSHKA NESTING BOXES,6,7.59,01/03/2011 13:30,United Kingdom
100146,SYN1008,HAND WARMER UNION JACK,3,1.76,01/03/2011 13:30,United Kingdom
100146,SYN1010,JUMBO BAG RED RETROSPOT,4,2.36,01/03/2011 13:30,United Kingdom
100146,SYN1011,JUMBO BAG STRAWBERRY,2,2.21,01/03/2011 13:30,United Kingdom
100147,SYN1005,RED WOOLLY HOTTIE WHITE HEART,5,3.87,23/01/2011 12:30,United Kingdom
100147,SYN1012,JUMBO SHOPPER VINTAGE RED PAISLEY,5,2.19,23/01/2011 12:30,United Kingdom
100148,SYN1003,CREAM CUPID HEARTS COAT HANGER,8,2.92,19/06/2011 10:50,United Kingdom
100148,SYN1005,RED WOOLLY HOTTIE WHITE HEART,8,3.2,19/06/2011 10:50,United Kingdom
100148,SYN1009,HAND WARMER RED POLKA DOT,7,1.99,19/06/2011 10:50,United Kingdom
100149,SYN1002,WHITE METAL LANTERN,5,3.58,29/06/2011 09:35,France
100149,SYN1004,KNITTED UNION FLAG HOT WATER BOTTLE,2,3.18,29/06/2011 09:35,United Kingdom
100149,SYN1010,JUMBO BAG RED RETROSPOT,5,1.97,29/06/2011 09:35,United Kingdom
100149,SYN1011,JUMBO BAG STRAWBERRY,1,2.07,29/06/2011 09:35,United Kingdom
100149,SYN1012,JUMBO SHOPPER VINTAGE RED PAISLEY,4,1.9,29/06/2011 09:35,United Kingdom
100150,SYN1003,CREAM CUPID HEARTS COAT HANGER,4,3.1,28/03/2011 10:25,United Kingdom
100150,SYN1006,SET 7 BABUSHKA NESTING BOXES,1,7.31,28/03/2011 10:25,United Kingdom
100150,SYN1012,JUMBO SHOPPER VINTAGE RED PAISLEY,7,2.32,28/03/2011 10:25,United Kingdom
100151,SYN1002,WHITE METAL LANTERN,2,3.39,09/04/2011 08:00,United Kingdom
100151,SYN1008,HAND WARMER UNION JACK,4,1.86,09/04/2011 08:00,United Kingdom
100151,SYN1010,JUMBO BAG RED RETROSPOT,5,2.06,09/04/2011 08:00,United Kingdom
100151,SYN1012,JUMBO SHOPPER VINTAGE RED PAISLEY,1,1.91,09/04/2011 08:00,United Kingdom
100152,SYN1001,WHITE HANGING HEART T-LIGHT HOLDER,5,2.59,07/06/2011 17:45,Netherlands
100152,SYN1004,KNITTED UNION FLAG HOT WATER BOTTLE,3,3.11,07/06/2011 17:45,United Kingdom
100152,SYN1007,GLASS STAR FROSTED T-LIGHT HOLDER,4,4.12,07/06/2011 17:45,United Kingdom
100152,SYN1009,HAND WARMER RED POLKA DOT,8,1.89,07/06/2011 17:45,United Kingdom
100152,SYN1012,JUMBO SHOPPER VINTAGE RED PAISLEY,1,2.21,07/06/2011 17:45,United Kingdom
100153,SYN1001,WHITE HANGING HEART T-LIGHT HOLDER,8,2.87,18/01/2011 18:15,United Kingdom
100153,SYN1003,CREAM CUPID HEARTS COAT HANGER,1,2.67,18/01/2011 18:15,EIRE
100153,SYN1006,SET 7 BABUSHKA NESTING BOXES,5,8.32,18/01/2011 18:15,United Kingdom
100153,SYN1012,JUMBO SHOPPER VINTAGE RED PAISLEY,7,1.89,18/01/2011 18:15,United Kingdom
100154,SYN1004,KNITTED UNION FLAG HOT WATER BOTTLE,8,3.28,31/03/2011 15:15,EIRE
100154,SYN1007,GLASS STAR FROSTED T-LIGHT HOLDER,1,4.26,31/03/2011 15:15,United Kingdom
100154,SYN1010,JUMBO BAG RED RETROSPOT,1,2.17,31/03/2011 15:15,United Kingdom
100155,SYN1001,WHITE HANGING HEART T-LIGHT HOLDER,6,2.86,27/02/2011 08:10,United Kingdom
100155,SYN1002,WHITE METAL LANTERN,3,3.12,27/02/2011 08:10,United Kingdom
100155,SYN1003,CREAM CUPID HEARTS COAT HANGER,5,3.09,27/02/2011 08:10,United Kingdom
100155,SYN1004,KNITTED UNION FLAG HOT WATER BOTTLE,5,3.87,27/02/2011 08:10,United Kingdom
100155,SYN1005,RED WOOLLY HOTTIE WHITE HEART,7,3.83,27/02/2011 08:10,United Kingdom
100155,SYN1009,HAND WARMER RED POLKA DOT,5,1.7,27/02/2011 08:10,United Kingdom
100155,SYN1017,ASSORTED COLOUR BIRD ORNAMENT,3,1.7,27/02/2011 08:10,United Kingdom
100156,SYN1004,KNITTED UNION FLAG HOT WATER BOTTLE,5,3.53,26/03/2011 18:50,United Kingdom
100156,SYN1006,SET 7 BABUSHKA NESTING BOXES,5,8.12,26/03/2011 18:50,United Kingdom
100156,SYN1009,HAND WARMER RED POLKA DOT,5,1.98,26/03/2011 18:50,United Kingdom
100156,SYN1010,JUMBO BAG RED RETROSPOT,8,1.98,26/03/2011 18:50,United Kingdom
100156,SYN1011,JUMBO BAG STRAWBERRY,8,2.12,26/03/2011 18:50,United Kingdom
100157,SYN1007,GLASS STAR FROSTED T-LIGHT HOLDER,4,4.22,21/06/2011 10:35,United Kingdom
100157,SYN1009,HAND WARMER RED POLKA DOT,8,2.02,21/06/2011 10:35,United Kingdom
100158,SYN1008,HAND WARMER UNION JACK,6,1.82,21/02/2011 11:20,United Kingdom
100159,SYN1004,KNITTED UNION FLAG HOT WATER BOTTLE,4,3.36,06/03/2011 15:55,France
100159,SYN1009,HAND WARMER RED POLKA DOT,3,2.04,06/03/2011 15:55,United Kingdom
100159,SYN1011,JUMBO BAG STRAWBERRY,1,1.98,06/03/2011 15:55,United Kingdom
100160,SYN1001,WHITE HANGING HEART T-LIGHT HOLDER,2,2.35,14/05/2011 16:20,United Kingdom
100160,SYN1003,CREAM CUPID HEARTS COAT HANGER,8,2.71,14/05/2011 16:20,United Kingdom
100160,SYN1008,HAND WARMER UNION JACK,7,2.01,14/05/2011 16:20,France
100160,SYN1020,CHRISTMAS CRAFT TREE TOPPER,2,2.85,14/05/2011 16:20,United Kingdom
100160,SYN1021,FELTCRAFT CHRISTMAS FAIRY,1,4.57,14/05/2011 16:20,United Kingdom
100160,SYN1023,WOODEN FRAME ANTIQUE WHITE,6,2.91,14/05/2011 16:20,United Kingdom
100161,SYN1004,KNITTED UNION FLAG HOT WATER BOTTLE,8,3.13,20/02/2011 16:00,United Kingdom
100162,SYN1001,WHITE HANGING HEART T-LIGHT HOLDER,6,2.76,26/02/2011 15:35,United Kingdom
100162,SYN1002,WHITE METAL LANTERN,4,3.49,26/02/2011 15:35,United Kingdom
100162,SYN1003,CREAM CUPID HEARTS COAT HANGER,8,2.9,26/02/2011 15:35,Germany
100162,SYN1004,KNITTED UNION FLAG HOT WATER BOTTLE,5,3.89,26/02/2011 15:35,Germany
100162,SYN1007,GLASS STAR FROSTED T-LIGHT HOLDER,1,4.07,26/02/2011 15:35,United Kingdom
100162,SYN1008,HAND WARMER UNION JACK,5,1.85,26/02/2011 15:35,United Kingdom
100162,SYN1009,HAND WARMER RED POLKA DOT,6,1.71,26/02/2011 15:35,United Kingdom
100162,SYN1015,PACK OF 72 RETROSPOT CAKE CASES,3,0.52,26/02/2011 15:35,United Kingdom
100163,SYN1002,WHITE METAL LANTERN,7,3.46,15/02/2011 08:15,United Kingdom
100163,SYN1005,RED WOOLLY HOTTIE WHITE HEART,4,3.43,15/02/2011 08:15,France
100163,SYN1009,HAND WARMER RED POLKA DOT,7,2.02,15/02/2011 08:15,United Kingdom
100163,SYN1010,JUMBO BAG RED RETROSPOT,6,2.19,15/02/2011 08:15,United Kingdom
100164,SYN1008,HAND WARMER UNION JACK,2,2.06,03/04/2011 18:20,United Kingdom
100165,SYN1005,RED WOOLLY HOTTIE WHITE HEART,2,3.64,14/03/2011 16:05,United Kingdom
100166,SYN1002,WHITE METAL LANTERN,5,3.85,20/05/2011 14:10,Netherlands
100166,SYN1004,KNITTED UNION FLAG HOT WATER BOTTLE,7,3.45,20/05/2011 14:10,Netherlands
100166,SYN1008,HAND WARMER UNION JACK,5,2.02,20/05/2011 14:10,United Kingdom
100167,SYN1001,WHITE HANGING HEART T-LIGHT HOLDER,3,2.92,24/02/2011 10:55,United Kingdom
100167,SYN1004,KNITTED UNION FLAG HOT WATER BOTTLE,6,3.63,24/02/2011 10:55,United Kingdom
100167,SYN1005,RED WOOLLY HOTTIE WHITE HEART,1,3.78,24/02/2011 10:55,United Kingdom
100168,SYN1001,WHITE HANGING HEART T-LIGHT HOLDER,7,2.48,26/01/2011 12:45,Netherlands
100168,SYN1002,WHITE METAL LANTERN,7,3.69,26/01/2011 12:45,United Kingdom
100168,SYN1003,CREAM CUPID HEARTS COAT HANGER,4,3.04,26/01/2011 12:45,United Kingdom
100168,SYN1005,RED WOOLLY HOTTIE WHITE HEART,3,3.69,26/01/2011 12:45,United Kingdom
100168,SYN1006,SET 7 BABUSHKA NESTING BOXES,6,7.61,26/01/2011 12:45,France
100168,SYN1012,JUMBO SHOPPER VINTAGE RED PAISLEY,6,2.22,26/01/2011 12:45,United Kingdom
100169,SYN1009,HAND WARMER RED POLKA DOT,8,2.03,28/02/2011 13:10,United Kingdom
100170,SYN1001,WHITE HANGING HEART T-LIGHT HOLDER,8,2.77,24/02/2011 13:25,United Kingdom
100170,SYN1002,WHITE METAL LANTERN,7,3.31,24/02/2011 13:25,United Kingdom
100170,SYN1003,CREAM CUPID HEARTS COAT HANGER,8,2.69,24/02/2011 13:25,United Kingdom
100170,SYN1004,KNITTED UNION FLAG HOT WATER BOTTLE,6,3.54,24/02/2011 13:25,United Kingdom
100170,SYN1020,CHRISTMAS CRAFT TREE TOPPER,2,3.01,24/02/2011 13:25,United Kingdom
100170,SYN1021,FELTCRAFT CHRISTMAS FAIRY,4,4.05,24/02/2011 13:25,United Kingdom
100171,SYN1001,WHITE HANGING HEART T-LIGHT HOLDER,4,2.8,30/03/2011 18:55,United Kingdom
100171,SYN1002,WHITE METAL LANTERN,6,3.8,30/03/2011 18:55,EIRE
100171,SYN1003,CREAM CUPID HEARTS COAT HANGER,7,2.91,30/03/2011 18:55,United Kingdom
100171,SYN1007,GLASS STAR FROSTED T-LIGHT HOLDER,6,4.15,30/03/2011 18:55,United Kingdom
100171,SYN1012,JUMBO SHOPPER VINTAGE RED PAISLEY,3,2.13,30/03/2011 18:55,United Kingdom
100171,SYN1017,ASSORTED COLOUR BIRD ORNAMENT,3,1.78,30/03/2011 18:55,United Kingdom
100171,SYN1024,RECIPE BOX PANTRY YELLOW DESIGN,3,2.79,30/03/2011 18:55,Germany
100172,SYN1003,CREAM CUPID HEARTS COAT HANGER,8,3.03,29/05/2011 09:45,United Kingdom
100172,SYN1004,KNITTED UNION FLAG HOT WATER BOTTLE,5,3.56,29/05/2011 09:45,United Kingdom
100172,SYN1008,HAND WARMER UNION JACK,8,1.69,29/05/2011 09:45,United Kingdom
100172,SYN1009,HAND WARMER RED POLKA DOT,3,2.01,29/05/2011 09:45,United Kingdom
100172,SYN1012,JUMBO SHOPPER VINTAGE RED PAISLEY,3,1.99,29/05/2011 09:45,United Kingdom
100172,SYN1020,CHRISTMAS CRAFT TREE TOPPER,2,3.21,29/05/2011 09:45,United Kingdom
100172,SYN1021,FELTCRAFT CHRISTMAS FAIRY,5,4.71,29/05/2011 09:45,United Kingdom
100173,SYN1003,CREAM CUPID HEARTS COAT HANGER,6,2.76,02/05/2011 15:00,United Kingdom
100173,SYN1006,SET 7 BABUSHKA NESTING BOXES,4,7.19,02/05/2011 15:00,United Kingdom
100173,SYN1008,HAND WARMER UNION JACK,5,1.81,02/05/2011 15:00,United Kingdom
100173,SYN1012,JUMBO SHOPPER VINTAGE RED PAISLEY,3,1.97,02/05/2011 15:00,United Kingdom
100174,SYN1004,KNITTED UNION FLAG HOT WATER BOTTLE,3,3.25,10/05/2011 10:30,United Kingdom
100174,SYN1008,HAND WARMER UNION JACK,2,1.85,10/05/2011 10:30,United Kingdom
100174,SYN1009,HAND WARMER RED POLKA DOT,6,1.99,10/05/2011 10:30,France
100175,SYN1001,WHITE HANGING HEART T-LIGHT HOLDER,3,2.69,05/06/2011 15:45,United Kingdom
100175,SYN1005,RED WOOLLY HOTTIE WHITE HEART,6,3.55,05/06/2011 15:45,United Kingdom
100175,SYN1007,GLASS STAR FROSTED T-LIGHT HOLDER,3,4.41,05/06/2011 15:45,United Kingdom
100175,SYN1010,JUMBO BAG RED RETROSPOT,2,1.94,05/06/2011 15:45,Germany
100175,SYN1011,JUMBO BAG STRAWBERRY,6,2.29,05/06/2011 15:45,United Kingdom
100175,SYN1012,JUMBO SHOPPER VINTAGE RED PAISLEY,1,2.05,05/06/2011 15:45,United Kingdom
100175,SYN1022,WOODEN PICTURE FRAME WHITE FINISH,8,2.74,05/06/2011 15:45,United Kingdom
100175,SYN1024,RECIPE BOX PANTRY YELLOW DESIGN,5,2.67,05/06/2011 15:45,United Kingdom
C100176,SYN1001,WHITE HANGING HEART T-LIGHT HOLDER,4,2.33,12/01/2011 18:40,United Kingdom
C100176,SYN1002,WHITE METAL LANTERN,2,3.85,12/01/2011 18:40,United Kingdom
C100176,SYN1004,KNITTED UNION FLAG HOT WATER BOTTLE,2,3.71,12/01/2011 18:40,United Kingdom
C100176,SYN1005,RED WOOLLY HOTTIE WHITE HEART,1,3.68,12/01/2011 18:40,France
C100176,SYN1010,JUMBO BAG RED RETROSPOT,2,2.2,12/01/2011 18:40,United Kingdom
100177,SYN1001,WHITE HANGING HEART T-LIGHT HOLDER,4,2.52,20/02/2011 10:20,EIRE
100177,SYN1002,WHITE METAL LANTERN,7,3.4,20/02/2011 10:20,United Kingdom
100177,SYN1003,CREAM CUPID HEARTS COAT HANGER,1,3.16,20/02/2011 10:20,United Kingdom
100177,SYN1007,GLASS STAR FROSTED T-LIGHT HOLDER,3,4.77,20/02/2011 10:20,United Kingdom
100177,SYN1008,HAND WARMER UNION JACK,1,1.87,20/02/2011 10:20,United Kingdom
100177,SYN1020,CHRISTMAS CRAFT TREE TOPPER,8,3.06,20/02/2011 10:20,Germany
100177,SYN1021,FELTCRAFT CHRISTMAS FAIRY,8,4.76,20/02/2011 10:20,United Kingdom
100178,SYN1003,CREAM CUPID HEARTS COAT HANGER,1,2.82,22/03/2011 14:40,Germany
100178,SYN1008,HAND WARMER UNION JACK,1,2.06,22/03/2011 14:40,United Kingdom
100179,SYN1003,CREAM CUPID HEARTS COAT HANGER,1,3.16,22/06/2011 11:45,United Kingdom
100179,SYN1004,KNITTED UNION FLAG HOT WATER BOTTLE,5,3.73,22/06/2011 11:45,United Kingdom
100179,SYN1006,SET 7 BABUSHKA NESTING BOXES,8,8.71,22/06/2011 11:45,France
100179,SYN1007,GLASS STAR FROSTED T-LIGHT HOLDER,8,4.81,22/06/2011 11:45,United Kingdom
100179,SYN1010,JUMBO BAG RED RETROSPOT,2,2.17,22/06/2011 11:45,Germany
100180,SYN1002,WHITE METAL LANTERN,5,3.12,17/05/2011 14:55,United Kingdom
100180,SYN1007,GLASS STAR FROSTED T-LIGHT HOLDER,1,4.35,17/05/2011 14:55,United Kingdom
100180,SYN1010,JUMBO BAG RED RETROSPOT,5,2.02,17/05/2011 14:55,United Kingdom
100180,SYN1020,CHRISTMAS CRAFT TREE TOPPER,7,3.22,17/05/2011 14:55,United Kingdom
100180,SYN1021,FELTCRAFT CHRISTMAS FAIRY,5,4.31,17/05/2011 14:55,France
100181,SYN1003,CREAM CUPID HEARTS COAT HANGER,8,2.8,22/04/2011 15:05,United Kingdom
100181,SYN1004,KNITTED UNION FLAG HOT WATER BOTTLE,1,3.23,22/04/2011 15:05,United Kingdom
100181,SYN1006,SET 7 BABUSHKA NESTING BOXES,2,8.28,22/04/2011 15:05,United Kingdom
100181,SYN1007,GLASS STAR FROSTED T-LIGHT HOLDER,3,4.84,22/04/2011 15:05,United Kingdom
100181,SYN1009,HAND WARMER RED POLKA DOT,3,2.05,22/04/2011 15:05,United Kingdom
100182,SYN1001,WHITE HANGING HEART T-LIGHT HOLDER,7,2.63,06/02/2011 11:35,France
100182,SYN1002,WHITE METAL LANTERN,2,3.4,06/02/2011 11:35,United Kingdom
100182,SYN1003,CREAM CUPID HEARTS COAT HANGER,1,2.99,06/02/2011 11:35,United Kingdom
100182,SYN1005,RED WOOLLY HOTTIE WHITE HEART,4,3.83,06/02/2011 11:35,United Kingdom
100182,SYN1010,JUMBO BAG RED RETROSPOT,6,2.08,06/02/2011 11:35,United Kingdom
100183,SYN1002,WHITE METAL LANTERN,3,3.47,16/02/2011 15:35,United Kingdom
100183,SYN1003,CREAM CUPID HEARTS COAT HANGER,3,2.69,16/02/2011 15:35,United Kingdom
100183,SYN1006,SET 7 BABUSHKA NESTING BOXES,2,8.71,16/02/2011 15:35,United Kingdom
100183,SYN1010,JUMBO BAG RED RETROSPOT,6,2.12,16/02/2011 15:35,Germany
100183,SYN1012,JUMBO SHOPPER VINTAGE RED PAISLEY,3,2.06,16/02/2011 15:35,United Kingdom
100184,SYN1009,HAND WARMER RED POLKA DOT,4,1.97,10/03/2011 11:55,United Kingdom
100184,SYN1010,JUMBO BAG RED RETROSPOT,4,2.22,10/03/2011 11:55,United Kingdom
100184,SYN1011,,1,2.38,10/03/2011 11:55,United Kingdom
100184,SYN1012,JUMBO SHOPPER VINTAGE RED PAISLEY,1,2.14,10/03/2011 11:55,United Kingdom
C100185,SYN1004,KNITTED UNION FLAG HOT WATER BOTTLE,6,3.62,19/06/2011 16:10,United Kingdom
100186,SYN1003,CREAM CUPID HEARTS COAT HANGER,1,3.16,01/06/2011 09:45,EIRE
100186,SYN1007,GLASS STAR FROSTED T-LIGHT HOLDER,7,4.0,01/06/2011 09:45,United Kingdom
100186,SYN1009,HAND WARMER RED POLKA DOT,6,2.09,01/06/2011 09:45,United Kingdom
100187,SYN1009,HAND WARMER RED POLKA DOT,1,2.0,05/05/2011 10:10,United Kingdom
100187,SYN1010,JUMBO BAG RED RETROSPOT,1,2.0,05/05/2011 10:10,France
100187,SYN1011,JUMBO BAG STRAWBERRY,2,2.31,05/05/2011 10:10,United Kingdom
100187,SYN1014,LUNCH BAG BLACK SKULL,8,1.8,05/05/2011 10:10,United Kingdom
100187,SYN1015,PACK OF 72 RETROSPOT CAKE CASES,1,0.56,05/05/2011 10:10,United Kingdom
100187,SYN1020,CHRISTMAS CRAFT TREE TOPPER,3,2.8,05/05/2011 10:10,United Kingdom
100187,SYN1021,FELTCRAFT CHRISTMAS FAIRY,2,4.18,05/05/2011 10:10,United Kingdom
100188,SYN1012,JUMBO SHOPPER VINTAGE RED PAISLEY,1,2.13,03/03/2011 16:35,EIRE
100189,SYN1003,CREAM CUPID HEARTS COAT HANGER,8,2.54,21/06/2011 10:50,Germany
100189,SYN1004,,4,3.61,21/06/2011 10:50,United Kingdom
100189,SYN1007,GLASS STAR FROSTED T-LIGHT HOLDER,5,4.88,21/06/2011 10:50,United Kingdom
100189,SYN1009,HAND WARMER RED POLKA DOT,6,1.77,21/06/2011 10:50,United Kingdom
100189,SYN1010,JUMBO BAG RED RETROSPOT,7,1.91,21/06/2011 10:50,United Kingdom
100189,SYN1011,JUMBO BAG STRAWBERRY,4,2.39,21/06/2011 10:50,Germany
100189,SYN1012,JUMBO SHOPPER VINTAGE RED PAISLEY,8,2.0,21/06/2011 10:50,United Kingdom
100189,SYN1014,LUNCH BAG BLACK SKULL,8,1.61,21/06/2011 10:50,Netherlands
100190,SYN1001,WHITE HANGING HEART T-LIGHT HOLDER,5,2.52,05/04/2011 10:05,United Kingdom
100190,SYN1002,WHITE METAL LANTERN,5,3.19,05/04/2011 10:05,United Kingdom
100190,SYN1006,SET 7 BABUSHKA NESTING BOXES,3,7.06,05/04/2011 10:05,United Kingdom
100190,SYN1010,JUMBO BAG RED RETROSPOT,3,2.21,05/04/2011 10:05,United Kingdom
100190,SYN1012,JUMBO SHOPPER VINTAGE RED PAISLEY,7,1.92,05/04/2011 10:05,United Kingdom
100190,SYN1019,VICTORIAN GLASS HANGING T-LIGHT,6,1.15,05/04/2011 10:05,United Kingdom
100191,SYN1004,KNITTED UNION FLAG HOT WATER BOTTLE,6,3.48,11/05/2011 16:45,United Kingdom
100191,SYN1005,RED WOOLLY HOTTIE WHITE HEART,5,3.61,11/05/2011 16:45,United Kingdom
100191,SYN1008,HAND WARMER UNION JACK,7,1.97,11/05/2011 16:45,United Kingdom
100191,SYN1009,HAND WARMER RED POLKA DOT,5,1.72,11/05/2011 16:45,United Kingdom
100191,SYN1012,JUMBO SHOPPER VINTAGE RED PAISLEY,6,2.14,11/05/2011 16:45,United Kingdom
100192,SYN1004,KNITTED UNION FLAG HOT WATER BOTTLE,8,3.36,18/05/2011 14:40,United Kingdom
100192,SYN1006,SET 7 BABUSHKA NESTING BOXES,4,8.46,18/05/2011 14:40,EIRE
100192,SYN1008,HAND WARMER UNION JACK,5,1.96,18/05/2011 14:40,United Kingdom
100192,SYN1011,JUMBO BAG STRAWBERRY,1,2.05,18/05/2011 14:40,United Kingdom
100193,SYN1002,WHITE METAL LANTERN,8,3.09,20/04/2011 16:50,United Kingdom
100193,SYN1003,CREAM CUPID HEARTS COAT HANGER,7,3.07,20/04/2011 16:50,United Kingdom
100193,SYN1008,HAND WARMER UNION JACK,6,1.74,20/04/2011 16:50,United Kingdom
100193,SYN1012,JUMBO SHOPPER VINTAGE RED PAISLEY,6,2.02,20/04/2011 16:50,Germany
100194,SYN1002,WHITE METAL LANTERN,7,3.89,11/02/2011 08:10,EIRE
100194,SYN1009,HAND WARMER RED POLKA DOT,7,1.85,11/02/2011 08:10,United Kingdom
100194,SYN1011,JUMBO BAG STRAWBERRY,6,1.93,11/02/2011 08:10,United Kingdom
100195,SYN1001,WHITE HANGING HEART T-LIGHT HOLDER,6,2.37,22/02/2011 08:45,United Kingdom
100195,SYN1002,WHITE METAL LANTERN,2,3.48,22/02/2011 08:45,United Kingdom
100195,SYN1003,CREAM CUPID HEARTS COAT HANGER,5,3.16,22/02/2011 08:45,Germany
100195,SYN1005,RED WOOLLY HOTTIE WHITE HEART,4,3.15,22/02/2011 08:45,EIRE
100195,SYN1008,HAND WARMER UNION JACK,7,1.78,22/02/2011 08:45,United Kingdom
100196,SYN1001,WHITE HANGING HEART T-LIGHT HOLDER,3,2.79,21/04/2011 08:40,France
100196,SYN1007,GLASS STAR FROSTED T-LIGHT HOLDER,7,3.99,21/04/2011 08:40,Netherlands
100196,SYN1008,HAND WARMER UNION JACK,8,2.1,21/04/2011 08:40,France
100196,SYN1011,JUMBO BAG STRAWBERRY,4,2.23,21/04/2011 08:40,United Kingdom
100197,SYN1002,WHITE METAL LANTERN,7,3.35,06/01/2011 13:00,United Kingdom
100197,SYN1003,CREAM CUPID HEARTS COAT HANGER,5,2.67,06/01/2011 13:00,United Kingdom
100197,SYN1006,SET 7 BABUSHKA NESTING BOXES,6,8.5,06/01/2011 13:00,United Kingdom
100197,SYN1007,GLASS STAR FROSTED T-LIGHT HOLDER,6,3.97,06/01/2011 13:00,United Kingdom
100197,SYN1008,HAND WARMER UNION JACK,3,1.86,06/01/2011 13:00,Netherlands
100197,SYN1009,HAND WARMER RED POLKA DOT,7,1.67,06/01/2011 13:00,EIRE
100197,SYN1018,PARTY BUNTING,8,4.9,06/01/2011 13:00,United Kingdom
100198,SYN1006,SET 7 BABUSHKA NESTING BOXES,8,8.42,26/02/2011 15:10,United Kingdom
100198,SYN1011,JUMBO BAG STRAWBERRY,3,2.23,26/02/2011 15:10,United Kingdom
100198,SYN1020,CHRISTMAS CRAFT TREE TOPPER,3,3.17,26/02/2011 15:10,United Kingdom
100198,SYN1021,FELTCRAFT CHRISTMAS FAIRY,6,4.13,26/02/2011 15:10,United Kingdom
100199,SYN1003,CREAM CUPID HEARTS COAT HANGER,8,2.85,16/06/2011 17:05,United Kingdom
100199,SYN1004,KNITTED UNION FLAG HOT WATER BOTTLE,2,3.12,16/06/2011 17:05,United Kingdom
100199,SYN1006,SET 7 BABUSHKA NESTING BOXES,3,7.4,16/06/2011 17:05,France
100199,SYN1008,HAND WARMER UNION JACK,1,1.67,16/06/2011 17:05,Germany
100199,SYN1010,JUMBO BAG RED RETROSPOT,8,2.15,16/06/2011 17:05,France
100200,SYN1001,WHITE HANGING HEART T-LIGHT HOLDER,5,2.72,11/02/2011 18:25,United Kingdom
100200,SYN1002,WHITE METAL LANTERN,2,3.79,11/02/2011 18:25,EIRE
100200,SYN1003,CREAM CUPID HEARTS COAT HANGER,5,2.86,11/02/2011 18:25,United Kingdom
100200,SYN1010,JUMBO BAG RED RETROSPOT,5,1.99,11/02/2011 18:25,United Kingdom
100201,SYN1004,KNITTED UNION FLAG HOT WATER BOTTLE,4,3.16,18/06/2011 15:45,United Kingdom
100201,SYN1005,RED WOOLLY HOTTIE WHITE HEART,2,3.24,18/06/2011 15:45,Netherlands
100201,SYN1008,HAND WARMER UNION JACK,6,1.9,18/06/2011 15:45,United Kingdom
100201,SYN1011,JUMBO BAG STRAWBERRY,6,2.08,18/06/2011 15:45,United Kingdom
100202,SYN1002,WHITE METAL LANTERN,2,3.46,24/04/2011 18:30,United Kingdom
100202,SYN1004,KNITTED UNION FLAG HOT WATER BOTTLE,4,3.32,24/04/2011 18:30,United Kingdom
100202,SYN1006,SET 7 BABUSHKA NESTING BOXES,5,7.37,24/04/2011 18:30,France
100202,SYN1011,JUMBO BAG STRAWBERRY,3,2.24,24/04/2011 18:30,United Kingdom
100202,SYN1012,JUMBO SHOPPER VINTAGE RED PAISLEY,2,2.28,24/04/2011 18:30,United Kingdom
100203,SYN1003,CREAM CUPID HEARTS COAT HANGER,4,2.59,14/04/2011 18:55,United Kingdom
100203,SYN1004,KNITTED UNION FLAG HOT WATER BOTTLE,8,3.76,14/04/2011 18:55,United Kingdom
100203,SYN1006,SET 7 BABUSHKA NESTING BOXES,4,7.73,14/04/2011 18:55,Germany
100203,SYN1007,GLASS STAR FROSTED T-LIGHT HOLDER,2,4.4,14/04/2011 18:55,United Kingdom
100203,SYN1009,HAND WARMER RED POLKA DOT,5,1.96,14/04/2011 18:55,United Kingdom
100203,SYN1010,JUMBO BAG RED RETROSPOT,3,2.21,14/04/2011 18:55,United Kingdom
100203,SYN1011,JUMBO BAG STRAWBERRY,2,2.38,14/04/2011 18:55,United Kingdom
100203,SYN1012,JUMBO SHOPPER VINTAGE RED PAISLEY,5,2.16,14/04/2011 18:55,United Kingdom
100204,SYN1003,CREAM CUPID HEARTS COAT HANGER,7,2.55,02/01/2011 17:00,United Kingdom
100204,SYN1005,,6,3.69,02/01/2011 17:00,United Kingdom
100204,SYN1008,HAND WARMER UNION JACK,1,2.13,02/01/2011 17:00,United Kingdom
100204,SYN1012,JUMBO SHOPPER VINTAGE RED PAISLEY,7,2.09,02/01/2011 17:00,Netherlands
100205,SYN1005,RED WOOLLY HOTTIE WHITE HEART,4,3.44,08/04/2011 12:30,United Kingdom
100205,SYN1007,GLASS STAR FROSTED T-LIGHT HOLDER,2,3.91,08/04/2011 12:30,United Kingdom
100205,SYN1008,HAND WARMER UNION JACK,1,1.67,08/04/2011 12:30,United Kingdom
100205,SYN1009,HAND WARMER RED POLKA DOT,4,1.88,08/04/2011 12:30,United Kingdom
100205,SYN1010,JUMBO BAG RED RETROSPOT,4,1.95,08/04/2011 12:30,United Kingdom
100205,SYN1014,,5,1.49,08/04/2011 12:30,United Kingdom
100206,SYN1003,CREAM CUPID HEARTS COAT HANGER,6,2.96,17/03/2011 17:15,United Kingdom
100206,SYN1005,RED WOOLLY HOTTIE WHITE HEART,7,3.81,17/03/2011 17:15,United Kingdom
100206,SYN1009,HAND WARMER RED POLKA DOT,8,2.11,17/03/2011 17:15,United Kingdom
100206,SYN1010,JUMBO BAG RED RETROSPOT,4,2.07,17/03/2011 17:15,United Kingdom
100206,SYN1021,FELTCRAFT CHRISTMAS FAIRY,7,4.24,17/03/2011 17:15,United Kingdom
100207,SYN1005,RED WOOLLY HOTTIE WHITE HEART,4,3.16,27/03/2011 09:45,United Kingdom
100207,SYN1006,SET 7 BABUSHKA NESTING BOXES,8,8.15,27/03/2011 09:45,United Kingdom
100207,SYN1007,GLASS STAR FROSTED T-LIGHT HOLDER,8,4.58,27/03/2011 09:45,United Kingdom
100207,SYN1010,JUMBO BAG RED RETROSPOT,2,2.08,27/03/2011 09:45,United Kingdom
100207,SYN1014,LUNCH BAG BLACK SKULL,7,1.64,27/03/2011 09:45,United Kingdom
100208,SYN1002,WHITE METAL LANTERN,6,3.76,01/01/2011 08:10,United Kingdom
100208,SYN1003,CREAM CUPID HEARTS COAT HANGER,2,2.85,01/01/2011 08:10,United Kingdom
100208,SYN1005,RED WOOLLY HOTTIE WHITE HEART,1,3.78,01/01/2011 08:10,United Kingdom
100208,SYN1007,GLASS STAR FROSTED T-LIGHT HOLDER,4,4.45,01/01/2011 08:10,United Kingdom
100208,SYN1009,HAND WARMER RED POLKA DOT,8,1.8,01/01/2011 08:10,United Kingdom
100209,SYN1009,HAND WARMER RED POLKA DOT,2,1.81,10/01/2011 15:45,France
100210,SYN1004,KNITTED UNION FLAG HOT WATER BOTTLE,5,3.78,24/03/2011 12:25,United Kingdom
100210,SYN1005,RED WOOLLY HOTTIE WHITE HEART,4,3.39,24/03/2011 12:25,United Kingdom
100210,SYN1007,GLASS STAR FROSTED T-LIGHT HOLDER,5,4.53,24/03/2011 12:25,United Kingdom
100210,SYN1008,HAND WARMER UNION JACK,7,1.68,24/03/2011 12:25,United Kingdom
100210,SYN1012,JUMBO SHOPPER VINTAGE RED PAISLEY,7,2.23,24/03/2011 12:25,United Kingdom
100210,SYN1018,PARTY BUNTING,5,4.95,24/03/2011 12:25,United Kingdom
100210,SYN1021,FELTCRAFT CHRISTMAS FAIRY,4,4.24,24/03/2011 12:25,United Kingdom
100211,SYN1003,CREAM CUPID HEARTS COAT HANGER,3,3.06,25/05/2011 13:40,United Kingdom
100211,SYN1005,RED WOOLLY HOTTIE WHITE HEART,3,3.81,25/05/2011 13:40,United Kingdom
100211,SYN1006,SET 7 BABUSHKA NESTING BOXES,2,7.89,25/05/2011 13:40,United Kingdom
100211,SYN1008,HAND WARMER UNION JACK,6,2.11,25/05/2011 13:40,United Kingdom
100211,SYN1009,HAND WARMER RED POLKA DOT,4,1.85,25/05/2011 13:40,United Kingdom
C100212,SYN1004,KNITTED UNION FLAG HOT WATER BOTTLE,2,3.26,08/04/2011 14:35,United Kingdom
C100212,SYN1005,RED WOOLLY HOTTIE WHITE HEART,6,3.54,08/04/2011 14:35,United Kingdom
C100212,SYN1007,GLASS STAR FROSTED T-LIGHT HOLDER,1,4.49,08/04/2011 14:35,United Kingdom
C100212,SYN1015,PACK OF 72 RETROSPOT CAKE CASES,8,0.57,08/04/2011 14:35,United Kingdom
C100212,SYN1020,CHRISTMAS CRAFT TREE TOPPER,8,2.85,08/04/2011 14:35,United Kingdom
C100212,SYN1021,FELTCRAFT CHRISTMAS FAIRY,6,4.46,08/04/2011 14:35,Germany
C100212,SYN1023,WOODEN FRAME ANTIQUE WHITE,6,2.69,08/04/2011 14:35,United Kingdom
100213,SYN1007,GLASS STAR FROSTED T-LIGHT HOLDER,6,4.8,04/05/2011 08:25,United Kingdom
100213,SYN1008,HAND WARMER UNION JACK,2,1.78,04/05/2011 08:25,United Kingdom
100213,SYN1009,HAND WARMER RED POLKA DOT,3,1.76,04/05/2011 08:25,United Kingdom
100214,SYN1001,WHITE HANGING HEART T-LIGHT HOLDER,1,2.31,11/06/2011 11:25,United Kingdom
100214,SYN1003,CREAM CUPID HEARTS COAT HANGER,2,2.76,11/06/2011 11:25,France
100215,SYN1001,WHITE HANGING HEART T-LIGHT HOLDER,1,2.84,19/01/2011 14:15,France
100215,SYN1004,KNITTED UNION FLAG HOT WATER BOTTLE,8,3.87,19/01/2011 14:15,France
100215,SYN1006,SET 7 BABUSHKA NESTING BOXES,6,6.91,19/01/2011 14:15,United Kingdom
100215,SYN1007,GLASS STAR FROSTED T-LIGHT HOLDER,2,4.36,19/01/2011 14:15,United Kingdom
100215,SYN1012,JUMBO SHOPPER VINTAGE RED PAISLEY,2,2.08,19/01/2011 14:15,United Kingdom
100216,SYN1001,WHITE HANGING HEART T-LIGHT HOLDER,1,2.82,14/06/2011 16:45,Germany
100216,SYN1007,GLASS STAR FROSTED T-LIGHT HOLDER,8,4.23,14/06/2011 16:45,United Kingdom
100216,SYN1010,JUMBO BAG RED RETROSPOT,1,2.04,14/06/2011 16:45,United Kingdom
100217,SYN1008,HAND WARMER UNION JACK,1,1.99,13/05/2011 17:50,Netherlands
100217,SYN1010,JUMBO BAG RED RETROSPOT,6,2.24,13/05/2011 17:50,United Kingdom
100218,SYN1001,WHITE HANGING HEART T-LIGHT HOLDER,3,2.83,01/02/2011 18:10,Netherlands
100218,SYN1002,WHITE METAL LANTERN,6,3.07,01/02/2011 18:10,United Kingdom
100218,SYN1003,CREAM CUPID HEARTS COAT HANGER,2,2.59,01/02/2011 18:10,France
100218,SYN1005,RED WOOLLY HOTTIE WHITE HEART,2,3.33,01/02/2011 18:10,United Kingdom
100218,SYN1006,SET 7 BABUSHKA NESTING BOXES,5,7.92,01/02/2011 18:10,United Kingdom
100218,SYN1010,JUMBO BAG RED RETROSPOT,8,2.14,01/02/2011 18:10,United Kingdom
100218,SYN1012,JUMBO SHOPPER VINTAGE RED PAISLEY,2,1.98,01/02/2011 18:10,Netherlands
100218,SYN1013,LUNCH BAG RED RETROSPOT,4,1.86,01/02/2011 18:10,United Kingdom
100219,SYN1003,CREAM CUPID HEARTS COAT HANGER,3,3.06,04/03/2011 10:35,United Kingdom
100219,SYN1006,SET 7 BABUSHKA NESTING BOXES,5,8.04,04/03/2011 10:35,United Kingdom
100220,SYN1001,WHITE HANGING HEART T-LIGHT HOLDER,3,2.58,28/05/2011 13:10,United Kingdom
100220,SYN1005,RED WOOLLY HOTTIE WHITE HEART,3,3.19,28/05/2011 13:10,United Kingdom
100220,SYN1006,SET 7 BABUSHKA NESTING BOXES,2,8.62,28/05/2011 13:10,United Kingdom
100220,SYN1015,PACK OF 72 RETROSPOT CAKE CASES,8,0.59,28/05/2011 13:10,France
100220,SYN1020,CHRISTMAS CRAFT TREE TOPPER,8,2.74,28/05/2011 13:10,United Kingdom
100220,SYN1021,FELTCRAFT CHRISTMAS FAIRY,7,4.58,28/05/2011 13:10,United Kingdom
100220,SYN1022,WOODEN PICTURE FRAME WHITE FINISH,3,3.3,28/05/2011 13:10,United Kingdom
100221,SYN1002,WHITE METAL LANTERN,8,3.78,10/04/2011 12:55,United Kingdom
100221,SYN1005,RED WOOLLY HOTTIE WHITE HEART,2,3.25,10/04/2011 12:55,United Kingdom
100221,SYN1007,GLASS STAR FROSTED T-LIGHT HOLDER,7,4.03,10/04/2011 12:55,United Kingdom
100221,SYN1010,JUMBO BAG RED RETROSPOT,6,2.07,10/04/2011 12:55,United Kingdom
100222,SYN1005,RED WOOLLY HOTTIE WHITE HEART,3,3.83,24/06/2011 09:30,United Kingdom
100222,SYN1008,HAND WARMER UNION JACK,7,1.99,24/06/2011 09:30,United Kingdom
100222,SYN1010,JUMBO BAG RED RETROSPOT,8,2.07,24/06/2011 09:30,France
100222,SYN1012,JUMBO SHOPPER VINTAGE RED PAISLEY,1,2.12,24/06/2011 09:30,United Kingdom
100223,SYN1006,SET 7 BABUSHKA NESTING BOXES,8,8.1,23/02/2011 18:55,United Kingdom
100223,SYN1007,GLASS STAR FROSTED T-LIGHT HOLDER,2,4.15,23/02/2011 18:55,United Kingdom
100224,SYN1005,RED WOOLLY HOTTIE WHITE HEART,8,3.08,15/06/2011 14:50,United Kingdom
100224,SYN1006,SET 7 BABUSHKA NESTING BOXES,1,8.44,15/06/2011 14:50,United Kingdom
100224,SYN1007,GLASS STAR FROSTED T-LIGHT HOLDER,2,4.77,15/06/2011 14:50,United Kingdom
100224,SYN1009,HAND WARMER RED POLKA DOT,8,2.08,15/06/2011 14:50,United Kingdom
100224,SYN1012,JUMBO SHOPPER VINTAGE RED PAISLEY,2,1.96,15/06/2011 14:50,United Kingdom
100225,SYN1001,WHITE HANGING HEART T-LIGHT HOLDER,7,2.69,13/01/2011 10:40,United Kingdom
100225,SYN1002,WHITE METAL LANTERN,4,3.28,13/01/2011 10:40,United Kingdom
100225,SYN1004,KNITTED UNION FLAG HOT WATER BOTTLE,8,3.85,13/01/2011 10:40,Germany
100225,SYN1011,JUMBO BAG STRAWBERRY,3,2.18,13/01/2011 10:40,United Kingdom
100226,SYN1009,HAND WARMER RED POLKA DOT,6,1.67,25/04/2011 16:05,United Kingdom
100227,SYN1011,JUMBO BAG STRAWBERRY,6,2.3,26/04/2011 18:55,EIRE
100227,SYN1012,JUMBO SHOPPER VINTAGE RED PAISLEY,1,2.17,26/04/2011 18:55,United Kingdom
100228,SYN1001,WHITE HANGING HEART T-LIGHT HOLDER,8,2.79,18/05/2011 14:50,United Kingdom
100228,SYN1004,KNITTED UNION FLAG HOT WATER BOTTLE,3,3.59,18/05/2011 14:50,United Kingdom
100228,SYN1008,HAND WARMER UNION JACK,4,1.8,18/05/2011 14:50,United Kingdom
100228,SYN1010,JUMBO BAG RED RETROSPOT,4,2.39,18/05/2011 14:50,United Kingdom
100228,SYN1012,JUMBO SHOPPER VINTAGE RED PAISLEY,5,2.05,18/05/2011 14:50,United Kingdom
100229,SYN1005,RED WOOLLY HOTTIE WHITE HEART,5,3.6,05/05/2011 10:30,United Kingdom
100229,SYN1020,CHRISTMAS CRAFT TREE TOPPER,6,2.84,05/05/2011 10:30,Netherlands
100229,SYN1021,FELTCRAFT CHRISTMAS FAIRY,1,4.06,05/05/2011 10:30,United Kingdom
100230,SYN1001,WHITE HANGING HEART T-LIGHT HOLDER,4,2.53,26/02/2011 14:20,United Kingdom
100230,SYN1002,WHITE METAL LANTERN,3,3.41,26/02/2011 14:20,United Kingdom
100230,SYN1003,CREAM CUPID HEARTS COAT HANGER,8,2.68,26/02/2011 14:20,United Kingdom
100230,SYN1009,HAND WARMER RED POLKA DOT,1,1.82,26/02/2011 14:20,Germany
100231,SYN1004,KNITTED UNION FLAG HOT WATER BOTTLE,1,3.22,18/03/2011 10:35,United Kingdom
100232,SYN1007,GLASS STAR FROSTED T-LIGHT HOLDER,6,3.87,18/02/2011 18:35,United Kingdom
100232,SYN1009,HAND WARMER RED POLKA DOT,3,1.9,18/02/2011 18:35,Germany
100233,SYN1002,WHITE METAL LANTERN,6,3.07,04/06/2011 16:45,United Kingdom
100233,SYN1008,HAND WARMER UNION JACK,4,1.92,04/06/2011 16:45,Netherlands
100233,SYN1012,JUMBO SHOPPER VINTAGE RED PAISLEY,8,2.27,04/06/2011 16:45,United Kingdom
100234,SYN1002,WHITE METAL LANTERN,1,3.3,25/05/2011 09:25,United Kingdom
100234,SYN1006,SET 7 BABUSHKA NESTING BOXES,8,7.79,25/05/2011 09:25,United Kingdom
100234,SYN1011,JUMBO BAG STRAWBERRY,1,1.97,25/05/2011 09:25,United Kingdom
100235,SYN1001,WHITE HANGING HEART T-LIGHT HOLDER,3,2.31,28/02/2011 13:50,Germany
100235,SYN1002,WHITE METAL LANTERN,5,3.28,28/02/2011 13:50,United Kingdom
100235,SYN1003,CREAM CUPID HEARTS COAT HANGER,5,2.84,28/02/2011 13:50,United Kingdom
100235,SYN1009,HAND WARMER RED POLKA DOT,4,2.01,28/02/2011 13:50,United Kingdom
100236,SYN1001,WHITE HANGING HEART T-LIGHT HOLDER,2,2.61,01/02/2011 18:50,United Kingdom
100236,SYN1002,WHITE METAL LANTERN,1,3.39,01/02/2011 18:50,United Kingdom
100236,SYN1003,CREAM CUPID HEARTS COAT HANGER,3,2.57,01/02/2011 18:50,United Kingdom
100236,SYN1007,GLASS STAR FROSTED T-LIGHT HOLDER,3,4.36,01/02/2011 18:50,Netherlands
100237,SYN1003,CREAM CUPID HEARTS COAT HANGER,4,2.56,09/03/2011 09:15,United Kingdom
100237,SYN1004,KNITTED UNION FLAG HOT WATER BOTTLE,8,3.46,09/03/2011 09:15,France
100237,SYN1009,HAND WARMER RED POLKA DOT,4,2.02,09/03/2011 09:15,United Kingdom
100237,SYN1011,JUMBO BAG STRAWBERRY,4,1.95,09/03/2011 09:15,United Kingdom
100237,SYN1012,JUMBO SHOPPER VINTAGE RED PAISLEY,8,1.96,09/03/2011 09:15,United Kingdom
100238,SYN1009,HAND WARMER RED POLKA DOT,1,1.97,26/02/2011 13:05,United Kingdom
100238,SYN1011,JUMBO BAG STRAWBERRY,7,2.17,26/02/2011 13:05,United Kingdom
100238,SYN1012,JUMBO SHOPPER VINTAGE RED PAISLEY,7,1.91,26/02/2011 13:05,United Kingdom
100239,SYN1001,WHITE HANGING HEART T-LIGHT HOLDER,2,2.53,12/05/2011 16:30,United Kingdom
100239,SYN1002,WHITE METAL LANTERN,1,3.85,12/05/2011 16:30,United Kingdom
100239,SYN1006,SET 7 BABUSHKA NESTING BOXES,6,8.62,12/05/2011 16:30,Germany
100239,SYN1007,GLASS STAR FROSTED T-LIGHT HOLDER,4,4.3,12/05/2011 16:30,France
100240,SYN1006,SET 7 BABUSHKA NESTING BOXES,8,8.63,15/04/2011 14:05,Netherlands
100241,SYN1001,WHITE HANGING HEART T-LIGHT HOLDER,2,2.67,24/04/2011 11:05,United Kingdom
100241,SYN1002,WHITE METAL LANTERN,6,3.13,24/04/2011 11:05,United Kingdom
100241,SYN1003,CREAM CUPID HEARTS COAT HANGER,6,3.14,24/04/2011 11:05,United Kingdom
100241,SYN1007,GLASS STAR FROSTED T-LIGHT HOLDER,1,3.94,24/04/2011 11:05,United Kingdom
100241,SYN1010,JUMBO BAG RED RETROSPOT,6,2.31,24/04/2011 11:05,United Kingdom
100242,SYN1005,RED WOOLLY HOTTIE WHITE HEART,5,3.27,18/03/2011 11:10,United Kingdom
100242,SYN1010,JUMBO BAG RED RETROSPOT,3,2.18,18/03/2011 11:10,United Kingdom
100242,SYN1012,JUMBO SHOPPER VINTAGE RED PAISLEY,6,1.96,18/03/2011 11:10,United Kingdom
100243,SYN1003,CREAM CUPID HEARTS COAT HANGER,5,3.04,13/03/2011 15:30,United Kingdom
100243,SYN1006,SET 7 BABUSHKA NESTING BOXES,8,7.87,13/03/2011 15:30,United Kingdom
100243,SYN1009,HAND WARMER RED POLKA DOT,6,2.12,13/03/2011 15:30,United Kingdom
100244,SYN1005,RED WOOLLY HOTTIE WHITE HEART,4,3.89,01/03/2011 18:55,France
100245,SYN1003,CREAM CUPID HEARTS COAT HANGER,2,3.04,22/03/2011 08:55,United Kingdom
100246,SYN1002,WHITE METAL LANTERN,5,3.65,07/04/2011 11:35,United Kingdom
100246,SYN1005,RED WOOLLY HOTTIE WHITE HEART,6,3.29,07/04/2011 11:35,United Kingdom
100246,SYN1007,GLASS STAR FROSTED T-LIGHT HOLDER,1,3.92,07/04/2011 11:35,United Kingdom
100247,SYN1002,WHITE METAL LANTERN,7,3.81,06/05/2011 18:30,United Kingdom
100247,SYN1003,CREAM CUPID HEARTS COAT HANGER,2,2.49,06/05/2011 18:30,United Kingdom
100247,SYN1005,RED WOOLLY HOTTIE WHITE HEART,1,3.71,06/05/2011 18:30,United Kingdom
100247,SYN1009,HAND WARMER RED POLKA DOT,2,1.9,06/05/2011 18:30,United Kingdom
100247,SYN1010,JUMBO BAG RED RETROSPOT,3,2.15,06/05/2011 18:30,United Kingdom
100247,SYN1016,REGENCY CAKESTAND 3 TIER,8,12.0,06/05/2011 18:30,United Kingdom
100247,SYN1017,ASSORTED COLOUR BIRD ORNAMENT,7,1.58,06/05/2011 18:30,United Kingdom
100248,SYN1009,HAND WARMER RED POLKA DOT,2,1.93,13/02/2011 13:05,United Kingdom
100249,SYN1001,WHITE HANGING HEART T-LIGHT HOLDER,2,2.53,11/02/2011 13:30,United Kingdom
100249,SYN1002,WHITE METAL LANTERN,8,3.44,11/02/2011 13:30,United Kingdom
100249,SYN1003,CREAM CUPID HEARTS COAT HANGER,6,2.96,11/02/2011 13:30,United Kingdom
100249,SYN1005,RED WOOLLY HOTTIE WHITE HEART,1,3.35,11/02/2011 13:30,United Kingdom
100249,SYN1006,SET 7 BABUSHKA NESTING BOXES,6,8.34,11/02/2011 13:30,United Kingdom
100250,SYN1006,SET 7 BABUSHKA NESTING BOXES,2,7.14,15/03/2011 12:10,United Kingdom
100250,SYN1007,GLASS STAR FROSTED T-LIGHT HOLDER,8,4.51,15/03/2011 12:10,United Kingdom
100250,SYN1010,JUMBO BAG RED RETROSPOT,4,1.9,15/03/2011 12:10,United Kingdom
100250,SYN1011,JUMBO BAG STRAWBERRY,3,2.07,15/03/2011 12:10,Germany
100250,SYN1018,PARTY BUNTING,7,5.65,15/03/2011 12:10,United Kingdom
100251,SYN1006,SET 7 BABUSHKA NESTING BOXES,8,7.13,31/01/2011 11:50,United Kingdom
C100252,SYN1001,WHITE HANGING HEART T-LIGHT HOLDER,8,2.32,17/06/2011 13:50,United Kingdom
C100252,SYN1003,CREAM CUPID HEARTS COAT HANGER,7,2.7,17/06/2011 13:50,United Kingdom
C100252,SYN1006,SET 7 BABUSHKA NESTING BOXES,2,7.74,17/06/2011 13:50,United Kingdom
C100252,SYN1007,GLASS STAR FROSTED T-LIGHT HOLDER,8,4.44,17/06/2011 13:50,United Kingdom
C100252,SYN1008,HAND WARMER UNION JACK,8,2.12,17/06/2011 13:50,Netherlands
100253,SYN1001,WHITE HANGING HEART T-LIGHT HOLDER,1,2.3,07/06/2011 14:05,United Kingdom
100253,SYN1004,KNITTED UNION FLAG HOT WATER BOTTLE,7,3.56,07/06/2011 14:05,United Kingdom
100253,SYN1012,JUMBO SHOPPER VINTAGE RED PAISLEY,3,2.12,07/06/2011 14:05,United Kingdom
100253,SYN1013,LUNCH BAG RED RETROSPOT,1,1.53,07/06/2011 14:05,Netherlands
100254,SYN1004,KNITTED UNION FLAG HOT WATER BOTTLE,2,3.33,06/03/2011 18:40,United Kingdom
100254,SYN1005,RED WOOLLY HOTTIE WHITE HEART,7,3.56,06/03/2011 18:40,United Kingdom
100255,SYN1008,HAND WARMER UNION JACK,4,2.1,11/03/2011 13:20,United Kingdom
100255,SYN1010,JUMBO BAG RED RETROSPOT,7,2.15,11/03/2011 13:20,Netherlands
100255,SYN1011,JUMBO BAG STRAWBERRY,1,1.91,11/03/2011 13:20,United Kingdom
100255,SYN1012,JUMBO SHOPPER VINTAGE RED PAISLEY,6,1.91,11/03/2011 13:20,United Kingdom
100256,SYN1001,WHITE HANGING HEART T-LIGHT HOLDER,8,2.36,13/06/2011 17:20,Germany
100256,SYN1005,RED WOOLLY HOTTIE WHITE HEART,5,3.35,13/06/2011 17:20,United Kingdom
100256,SYN1006,SET 7 BABUSHKA NESTING BOXES,8,7.74,13/06/2011 17:20,United Kingdom
100256,SYN1008,HAND WARMER UNION JACK,5,2.1,13/06/2011 17:20,United Kingdom
100256,SYN1020,CHRISTMAS CRAFT TREE TOPPER,8,3.15,13/06/2011 17:20,France
100256,SYN1021,FELTCRAFT CHRISTMAS FAIRY,4,3.92,13/06/2011 17:20,EIRE
100257,SYN1004,KNITTED UNION FLAG HOT WATER BOTTLE,3,3.27,18/05/2011 17:00,United Kingdom
100257,SYN1005,RED WOOLLY HOTTIE WHITE HEART,3,3.66,18/05/2011 17:00,EIRE
100257,SYN1007,GLASS STAR FROSTED T-LIGHT HOLDER,6,4.16,18/05/2011 17:00,United Kingdom
100257,SYN1010,JUMBO BAG RED RETROSPOT,4,2.18,18/05/2011 17:00,EIRE
100257,SYN1020,CHRISTMAS CRAFT TREE TOPPER,2,3.13,18/05/2011 17:00,United Kingdom
100257,SYN1021,FELTCRAFT CHRISTMAS FAIRY,2,4.29,18/05/2011 17:00,EIRE
100257,SYN1023,WOODEN FRAME ANTIQUE WHITE,6,3.39,18/05/2011 17:00,Netherlands
100258,SYN1008,HAND WARMER UNION JACK,2,2.01,16/04/2011 10:25,United Kingdom
100259,SYN1007,GLASS STAR FROSTED T-LIGHT HOLDER,5,4.41,28/03/2011 10:05,Germany
100259,SYN1010,JUMBO BAG RED RETROSPOT,3,2.04,28/03/2011 10:05,United Kingdom
100260,SYN1003,CREAM CUPID HEARTS COAT HANGER,3,2.99,27/06/2011 11:15,United Kingdom
100260,SYN1004,KNITTED UNION FLAG HOT WATER BOTTLE,8,3.05,27/06/2011 11:15,United Kingdom
100260,SYN1007,GLASS STAR FROSTED T-LIGHT HOLDER,7,4.02,27/06/2011 11:15,EIRE
100260,SYN1009,HAND WARMER RED POLKA DOT,3,1.76,27/06/2011 11:15,France
100260,SYN1010,JUMBO BAG RED RETROSPOT,4,2.06,27/06/2011 11:15,United Kingdom
100261,SYN1001,WHITE HANGING HEART T-LIGHT HOLDER,6,2.93,30/05/2011 12:15,Germany
100261,SYN1002,WHITE METAL LANTERN,8,3.17,30/05/2011 12:15,United Kingdom
100261,SYN1003,CREAM CUPID HEARTS COAT HANGER,8,2.69,30/05/2011 12:15,United Kingdom
100261,SYN1005,RED WOOLLY HOTTIE WHITE HEART,8,3.07,30/05/2011 12:15,United Kingdom
100261,SYN1011,JUMBO BAG STRAWBERRY,2,2.27,30/05/2011 12:15,United Kingdom
100261,SYN1012,JUMBO SHOPPER VINTAGE RED PAISLEY,1,2.14,30/05/2011 12:15,France
100261,SYN1014,LUNCH BAG BLACK SKULL,8,1.82,30/05/2011 12:15,United Kingdom
100261,SYN1017,ASSORTED COLOUR BIRD ORNAMENT,2,1.63,30/05/2011 12:15,United Kingdom
100262,SYN1001,WHITE HANGING HEART T-LIGHT HOLDER,6,2.54,27/05/2011 18:40,France
100262,SYN1003,CREAM CUPID HEARTS COAT HANGER,3,2.82,27/05/2011 18:40,France
100262,SYN1007,GLASS STAR FROSTED T-LIGHT HOLDER,5,4.38,27/05/2011 18:40,United Kingdom
100262,SYN1008,HAND WARMER UNION JACK,7,1.76,27/05/2011 18:40,United Kingdom
100262,SYN1009,HAND WARMER RED POLKA DOT,4,1.81,27/05/2011 18:40,France
100262,SYN1012,JUMBO SHOPPER VINTAGE RED PAISLEY,4,2.08,27/05/2011 18:40,United Kingdom
100263,SYN1001,WHITE HANGING HEART T-LIGHT HOLDER,4,2.47,03/01/2011 09:05,United Kingdom
100263,SYN1003,CREAM CUPID HEARTS COAT HANGER,8,3.12,03/01/2011 09:05,United Kingdom
100263,SYN1004,KNITTED UNION FLAG HOT WATER BOTTLE,8,3.1,03/01/2011 09:05,United Kingdom
100263,SYN1011,JUMBO BAG STRAWBERRY,8,2.03,03/01/2011 09:05,Germany
100263,SYN1012,JUMBO SHOPPER VINTAGE RED PAISLEY,6,2.21,03/01/2011 09:05,United Kingdom
100264,SYN1003,,5,2.73,26/05/2011 10:05,United Kingdom
100264,SYN1020,CHRISTMAS CRAFT TREE TOPPER,5,3.16,26/05/2011 10:05,France
100264,SYN1021,FELTCRAFT CHRISTMAS FAIRY,5,4.21,26/05/2011 10:05,United Kingdom
100265,SYN1004,KNITTED UNION FLAG HOT WATER BOTTLE,8,3.53,17/01/2011 12:55,United Kingdom
100265,SYN1008,HAND WARMER UNION JACK,4,1.96,17/01/2011 12:55,United Kingdom
100265,SYN1011,JUMBO BAG STRAWBERRY,2,2.21,17/01/2011 12:55,United Kingdom
100265,SYN1012,JUMBO SHOPPER VINTAGE RED PAISLEY,5,1.91,17/01/2011 12:55,United Kingdom
100266,SYN1004,KNITTED UNION FLAG HOT WATER BOTTLE,4,3.27,15/02/2011 13:05,United Kingdom
100266,SYN1005,RED WOOLLY HOTTIE WHITE HEART,3,3.19,15/02/2011 13:05,France
100266,SYN1007,GLASS STAR FROSTED T-LIGHT HOLDER,3,4.38,15/02/2011 13:05,France
100266,SYN1012,JUMBO SHOPPER VINTAGE RED PAISLEY,4,2.13,15/02/2011 13:05,Netherlands
100267,SYN1001,WHITE HANGING HEART T-LIGHT HOLDER,2,2.36,08/02/2011 10:10,United Kingdom
100267,SYN1004,KNITTED UNION FLAG HOT WATER BOTTLE,7,3.5,08/02/2011 10:10,United Kingdom
100267,SYN1022,WOODEN PICTURE FRAME WHITE FINISH,7,3.07,08/02/2011 10:10,United Kingdom
100268,SYN1003,CREAM CUPID HEARTS COAT HANGER,4,2.77,06/06/2011 18:40,United Kingdom
100268,SYN1004,KNITTED UNION FLAG HOT WATER BOTTLE,2,3.47,06/06/2011 18:40,United Kingdom
100268,SYN1012,JUMBO SHOPPER VINTAGE RED PAISLEY,5,2.39,06/06/2011 18:40,EIRE
100269,SYN1003,CREAM CUPID HEARTS COAT HANGER,6,2.8,09/06/2011 18:35,United Kingdom
100269,SYN1005,RED WOOLLY HOTTIE WHITE HEART,3,3.44,09/06/2011 18:35,United Kingdom
100269,SYN1006,SET 7 BABUSHKA NESTING BOXES,6,7.42,09/06/2011 18:35,United Kingdom
100269,SYN1009,HAND WARMER RED POLKA DOT,7,1.89,09/06/2011 18:35,United Kingdom
100269,SYN1010,,3,2.37,09/06/2011 18:35,Germany
100270,SYN1011,JUMBO BAG STRAWBERRY,4,2.05,13/02/2011 13:30,United Kingdom
100271,SYN1006,SET 7 BABUSHKA NESTING BOXES,2,8.7,18/02/2011 17:45,United Kingdom
100271,SYN1007,GLASS STAR FROSTED T-LIGHT HOLDER,7,4.36,18/02/2011 17:45,United Kingdom
100271,SYN1008,HAND WARMER UNION JACK,2,1.72,18/02/2011 17:45,Germany
100271,SYN1009,HAND WARMER RED POLKA DOT,4,1.88,18/02/2011 17:45,Germany
100271,SYN1016,REGENCY CAKESTAND 3 TIER,5,14.19,18/02/2011 17:45,Germany
100272,SYN1001,WHITE HANGING HEART T-LIGHT HOLDER,4,2.62,02/02/2011 10:55,United Kingdom
100272,SYN1002,WHITE METAL LANTERN,5,3.55,02/02/2011 10:55,United Kingdom
100272,SYN1005,RED WOOLLY HOTTIE WHITE HEART,3,3.82,02/02/2011 10:55,United Kingdom
100272,SYN1008,HAND WARMER UNION JACK,8,1.73,02/02/2011 10:55,United Kingdom
100273,SYN1002,WHITE METAL LANTERN,2,3.17,23/02/2011 16:25,United Kingdom
100273,SYN1004,KNITTED UNION FLAG HOT WATER BOTTLE,8,3.19,23/02/2011 16:25,United Kingdom
100273,SYN1005,RED WOOLLY HOTTIE WHITE HEART,7,3.72,23/02/2011 16:25,United Kingdom
100273,SYN1007,GLASS STAR FROSTED T-LIGHT HOLDER,7,3.84,23/02/2011 16:25,United Kingdom
100274,SYN1001,WHITE HANGING HEART T-LIGHT HOLDER,6,2.36,03/01/2011 09:30,United Kingdom
100274,SYN1006,SET 7 BABUSHKA NESTING BOXES,3,7.92,03/01/2011 09:30,United Kingdom
100274,SYN1013,LUNCH BAG RED RETROSPOT,8,1.83,03/01/2011 09:30,United Kingdom
100275,SYN1001,WHITE HANGING HEART T-LIGHT HOLDER,8,2.37,23/03/2011 09:05,United Kingdom
100275,SYN1002,WHITE METAL LANTERN,3,3.58,23/03/2011 09:05,France
100275,SYN1006,SET 7 BABUSHKA NESTING BOXES,1,7.03,23/03/2011 09:05,United Kingdom
100275,SYN1008,HAND WARMER UNION JACK,4,2.07,23/03/2011 09:05,United Kingdom
100275,SYN1011,JUMBO BAG STRAWBERRY,4,2.16,23/03/2011 09:05,United Kingdom
100276,SYN1003,CREAM CUPID HEARTS COAT HANGER,7,2.85,06/01/2011 17:15,United Kingdom
100276,SYN1004,KNITTED UNION FLAG HOT WATER BOTTLE,4,3.11,06/01/2011 17:15,United Kingdom
100276,SYN1009,HAND WARMER RED POLKA DOT,7,1.88,06/01/2011 17:15,United Kingdom
100276,SYN1010,JUMBO BAG RED RETROSPOT,7,1.97,06/01/2011 17:15,United Kingdom
100276,SYN1011,JUMBO BAG STRAWBERRY,8,1.88,06/01/2011 17:15,United Kingdom
100277,SYN1002,WHITE METAL LANTERN,4,3.38,09/05/2011 13:40,United Kingdom
100277,SYN1003,CREAM CUPID HEARTS COAT HANGER,6,2.65,09/05/2011 13:40,France
100277,SYN1005,RED WOOLLY HOTTIE WHITE HEART,6,3.26,09/05/2011 13:40,United Kingdom
100278,SYN1003,CREAM CUPID HEARTS COAT HANGER,2,2.56,20/06/2011 08:00,United Kingdom
100278,SYN1006,SET 7 BABUSHKA NESTING BOXES,5,8.11,20/06/2011 08:00,United Kingdom
100278,SYN1007,GLASS STAR FROSTED T-LIGHT HOLDER,7,4.32,20/06/2011 08:00,United Kingdom
100278,SYN1022,WOODEN PICTURE FRAME WHITE FINISH,8,2.69,20/06/2011 08:00,Netherlands
100279,SYN1002,WHITE METAL LANTERN,7,3.56,01/04/2011 13:25,United Kingdom
100279,SYN1003,CREAM CUPID HEARTS COAT HANGER,1,2.74,01/04/2011 13:25,United Kingdom
100279,SYN1004,KNITTED UNION FLAG HOT WATER BOTTLE,3,3.09,01/04/2011 13:25,United Kingdom
100279,SYN1010,JUMBO BAG RED RETROSPOT,3,1.97,01/04/2011 13:25,France
100279,SYN1011,JUMBO BAG STRAWBERRY,2,2.01,01/04/2011 13:25,Netherlands
100279,SYN1012,JUMBO SHOPPER VINTAGE RED PAISLEY,3,1.97,01/04/2011 13:25,United Kingdom
100280,SYN1010,JUMBO BAG RED RETROSPOT,6,2.35,01/03/2011 09:05,Germany
100281,SYN1002,WHITE METAL LANTERN,3,3.47,02/06/2011 18:50,United Kingdom
100281,SYN1006,SET 7 BABUSHKA NESTING BOXES,4,7.76,02/06/2011 18:50,United Kingdom
100281,SYN1007,GLASS STAR FROSTED T-LIGHT HOLDER,4,4.0,02/06/2011 18:50,United Kingdom
100281,SYN1008,HAND WARMER UNION JACK,7,1.7,02/06/2011 18:50,United Kingdom
100281,SYN1009,HAND WARMER RED POLKA DOT,5,2.07,02/06/2011 18:50,United Kingdom
100282,SYN1003,CREAM CUPID HEARTS COAT HANGER,2,2.87,03/01/2011 09:35,United Kingdom
100282,SYN1004,KNITTED UNION FLAG HOT WATER BOTTLE,8,3.16,03/01/2011 09:35,Netherlands
100282,SYN1005,RED WOOLLY HOTTIE WHITE HEART,6,3.38,03/01/2011 09:35,United Kingdom
100282,SYN1007,GLASS STAR FROSTED T-LIGHT HOLDER,2,4.52,03/01/2011 09:35,United Kingdom
100282,SYN1008,HAND WARMER UNION JACK,5,1.87,03/01/2011 09:35,United Kingdom
100282,SYN1009,HAND WARMER RED POLKA DOT,5,1.8,03/01/2011 09:35,United Kingdom
100282,SYN1022,WOODEN PICTURE FRAME WHITE FINISH,4,2.84,03/01/2011 09:35,United Kingdom
100283,SYN1001,WHITE HANGING HEART T-LIGHT HOLDER,1,2.61,18/03/2011 09:45,United Kingdom
100284,SYN1003,CREAM CUPID HEARTS COAT HANGER,2,3.13,26/02/2011 18:00,United Kingdom
100284,SYN1004,KNITTED UNION FLAG HOT WATER BOTTLE,5,3.78,26/02/2011 18:00,France
100284,SYN1009,HAND WARMER RED POLKA DOT,4,1.7,26/02/2011 18:00,Netherlands
100284,SYN1010,JUMBO BAG RED RETROSPOT,7,2.38,26/02/2011 18:00,United Kingdom
100285,SYN1001,WHITE HANGING HEART T-LIGHT HOLDER,1,2.42,17/03/2011 13:40,United Kingdom
100285,SYN1002,WHITE METAL LANTERN,3,3.16,17/03/2011 13:40,France
100285,SYN1003,CREAM CUPID HEARTS COAT HANGER,3,3.13,17/03/2011 13:40,United Kingdom
100285,SYN1004,KNITTED UNION FLAG HOT WATER BOTTLE,3,3.79,17/03/2011 13:40,United Kingdom
100285,SYN1006,SET 7 BABUSHKA NESTING BOXES,4,7.44,17/03/2011 13:40,EIRE
100285,SYN1008,HAND WARMER UNION JACK,1,1.88,17/03/2011 13:40,United Kingdom
100285,SYN1012,JUMBO SHOPPER VINTAGE RED PAISLEY,3,2.06,17/03/2011 13:40,United Kingdom
100286,SYN1003,CREAM CUPID HEARTS COAT HANGER,7,2.77,18/01/2011 11:50,United Kingdom
100286,SYN1004,KNITTED UNION FLAG HOT WATER BOTTLE,3,3.78,18/01/2011 11:50,United Kingdom
100286,SYN1008,HAND WARMER UNION JACK,3,2.06,18/01/2011 11:50,United Kingdom
100286,SYN1010,JUMBO BAG RED RETROSPOT,8,2.1,18/01/2011 11:50,United Kingdom
100286,SYN1012,JUMBO SHOPPER VINTAGE RED PAISLEY,5,1.9,18/01/2011 11:50,United Kingdom
100287,SYN1004,KNITTED UNION FLAG HOT WATER BOTTLE,8,3.4,05/06/2011 16:25,United Kingdom
100287,SYN1005,RED WOOLLY HOTTIE WHITE HEART,8,3.55,05/06/2011 16:25,United Kingdom
100287,SYN1007,GLASS STAR FROSTED T-LIGHT HOLDER,7,4.27,05/06/2011 16:25,United Kingdom
100287,SYN1009,HAND WARMER RED POLKA DOT,6,1.75,05/06/2011 16:25,United Kingdom
100287,SYN1018,PARTY BUNTING,6,4.74,05/06/2011 16:25,France
100288,SYN1011,JUMBO BAG STRAWBERRY,8,2.26,27/02/2011 10:35,France
100289,SYN1005,RED WOOLLY HOTTIE WHITE HEART,3,3.11,30/04/2011 13:05,Germany
100289,SYN1006,SET 7 BABUSHKA NESTING BOXES,6,8.73,30/04/2011 13:05,France
100289,SYN1009,HAND WARMER RED POLKA DOT,7,1.68,30/04/2011 13:05,United Kingdom
100290,SYN1002,WHITE METAL LANTERN,5,3.75,28/03/2011 12:45,United Kingdom
100290,SYN1004,KNITTED UNION FLAG HOT WATER BOTTLE,2,3.23,28/03/2011 12:45,United Kingdom
100290,SYN1005,RED WOOLLY HOTTIE WHITE HEART,6,3.1,28/03/2011 12:45,United Kingdom
100290,SYN1008,HAND WARMER UNION JACK,4,1.84,28/03/2011 12:45,United Kingdom
100290,SYN1011,JUMBO BAG STRAWBERRY,1,1.99,28/03/2011 12:45,United Kingdom
100291,SYN1001,WHITE HANGING HEART T-LIGHT HOLDER,7,2.86,17/01/2011 09:55,United Kingdom
100291,SYN1007,GLASS STAR FROSTED T-LIGHT HOLDER,5,4.82,17/01/2011 09:55,United Kingdom
100291,SYN1009,HAND WARMER RED POLKA DOT,7,2.1,17/01/2011 09:55,United Kingdom
100291,SYN1012,JUMBO SHOPPER VINTAGE RED PAISLEY,1,1.94,17/01/2011 09:55,France
100292,SYN1001,WHITE HANGING HEART T-LIGHT HOLDER,1,2.43,17/05/2011 08:30,Netherlands
100292,SYN1003,CREAM CUPID HEARTS COAT HANGER,2,2.75,17/05/2011 08:30,United Kingdom
100292,SYN1007,GLASS STAR FROSTED T-LIGHT HOLDER,4,3.87,17/05/2011 08:30,United Kingdom
100292,SYN1009,HAND WARMER RED POLKA DOT,8,1.95,17/05/2011 08:30,United Kingdom
100292,SYN1011,JUMBO BAG STRAWBERRY,5,2.12,17/05/2011 08:30,United Kingdom
100293,SYN1003,CREAM CUPID HEARTS COAT HANGER,8,3.05,29/03/2011 16:45,United Kingdom
100294,SYN1001,WHITE HANGING HEART T-LIGHT HOLDER,4,2.35,30/04/2011 14:20,United Kingdom
100294,SYN1004,KNITTED UNION FLAG HOT WATER BOTTLE,7,3.72,30/04/2011 14:20,United Kingdom
100294,SYN1005,RED WOOLLY HOTTIE WHITE HEART,2,3.51,30/04/2011 14:20,United Kingdom
100294,SYN1017,ASSORTED COLOUR BIRD ORNAMENT,2,1.85,30/04/2011 14:20,United Kingdom
100295,SYN1003,CREAM CUPID HEARTS COAT HANGER,4,2.78,25/06/2011 09:40,United Kingdom
100295,SYN1004,KNITTED UNION FLAG HOT WATER BOTTLE,7,3.06,25/06/2011 09:40,United Kingdom
100295,SYN1006,SET 7 BABUSHKA NESTING BOXES,7,8.24,25/06/2011 09:40,United Kingdom
100295,SYN1007,GLASS STAR FROSTED T-LIGHT HOLDER,8,4.64,25/06/2011 09:40,United Kingdom
100295,SYN1008,HAND WARMER UNION JACK,5,2.11,25/06/2011 09:40,United Kingdom
100295,SYN1010,JUMBO BAG RED RETROSPOT,4,2.06,25/06/2011 09:40,Germany
100296,SYN1004,KNITTED UNION FLAG HOT WATER BOTTLE,2,3.73,17/01/2011 10:00,United Kingdom
100296,SYN1008,HAND WARMER UNION JACK,3,2.09,17/01/2011 10:00,United Kingdom
100296,SYN1009,HAND WARMER RED POLKA DOT,3,1.7,17/01/2011 10:00,United Kingdom
100296,SYN1017,ASSORTED COLOUR BIRD ORNAMENT,7,1.54,17/01/2011 10:00,EIRE
100296,SYN1022,WOODEN PICTURE FRAME WHITE FINISH,1,3.22,17/01/2011 10:00,United Kingdom
100297,SYN1001,WHITE HANGING HEART T-LIGHT HOLDER,6,2.88,26/05/2011 14:20,United Kingdom
